,INCIDENT_ID,DATA_YEAR,ORI,PUB_AGENCY_NAME,AGENCY_TYPE_NAME,STATE_ABBR,State,DIVISION_NAME,REGION_NAME,POPULATION_GROUP_CODE,POPULATION_GROUP_DESC,INCIDENT_DATE,ADULT_VICTIM_COUNT,JUVENILE_VICTIM_COUNT,TOTAL_OFFENDER_COUNT,ADULT_OFFENDER_COUNT,JUVENILE_OFFENDER_COUNT,OFFENDER_RACE,OFFENDER_ETHNICITY,VICTIM_COUNT,OFFENSE_NAME,TOTAL_INDIVIDUAL_VICTIMS,LOCATION_NAME,BIAS_DESC,VICTIM_TYPES,MULTIPLE_OFFENSE,MULTIPLE_BIAS,Total,Asian alone,Proportion of Asian Population,AAHC number 2020,AAHC rate per Asian capita in %,AAHC rate per capita in %
0,1352369,2020,AR0660100,Fort Smith,City,AR,Arkansas,West South Central,South,3,"Cities from 50,000 thru 99,999",05-APR-20,0.0,0.0,1,1.0,0.0,White,Not Hispanic or Latino,1,Destruction/Damage/Vandalism of Property,0.0,Church/Synagogue/Temple/Mosque,Anti-Asian,Business,S,S,3011524,51839,0.01721354371,1,0.0019290495572831267,3.3205778868107974e-05
1,1348767,2020,AZ0071700,Mesa,City,AZ,Arizona,Mountain,West,1B,"Cities from 500,000 thru 999,999",08-SEP-20,1.0,0.0,0,,,Unknown,Unknown,1,Intimidation,1.0,Restaurant,Anti-Asian,Individual,S,S,7151502,257430,0.03599663399,4,0.001553820456046304,5.593230624839369e-05
2,1253642,2020,AZ0072300,Phoenix,City,AZ,Arizona,Mountain,West,1A,"Cities 1,000,000 or over",08-APR-20,1.0,0.0,1,1.0,0.0,White,Not Hispanic or Latino,1,Aggravated Assault,1.0,Shelter-Mission/Homeless,Anti-Asian,Individual,S,S,7151502,257430,0.03599663399,4,0.001553820456046304,5.593230624839369e-05
3,1253726,2020,AZ0072300,Phoenix,City,AZ,Arizona,Mountain,West,1A,"Cities 1,000,000 or over",19-MAR-20,2.0,2.0,2,2.0,0.0,Multiple,Hispanic or Latino,4,Intimidation,4.0,Department/Discount Store,Anti-Asian,Individual,S,S,7151502,257430,0.03599663399,4,0.001553820456046304,5.593230624839369e-05
4,1253757,2020,AZ0072300,Phoenix,City,AZ,Arizona,Mountain,West,1A,"Cities 1,000,000 or over",01-DEC-20,1.0,0.0,1,1.0,0.0,White,Not Hispanic or Latino,1,Intimidation,1.0,Other/Unknown,Anti-Asian,Individual,S,S,7151502,257430,0.03599663399,4,0.001553820456046304,5.593230624839369e-05
5,1091929,2020,CA0010100,Alameda,City,CA,California,Pacific,West,3,"Cities from 50,000 thru 99,999",17-AUG-20,1.0,0.0,1,1.0,0.0,White,Not Hispanic or Latino,1,Intimidation,1.0,Residence/Home,Anti-Asian,Individual,S,S,39538223,6085947,0.1539256582,94,0.001544541876555941,0.00023774462499237761
6,1092047,2020,CA0011200,San Leandro,City,CA,California,Pacific,West,3,"Cities from 50,000 thru 99,999",21-MAY-20,,,1,1.0,0.0,Unknown,Hispanic or Latino,1,Destruction/Damage/Vandalism of Property,,Park/Playground,Anti-Asian,Government,S,S,39538223,6085947,0.1539256582,94,0.001544541876555941,0.00023774462499237761
7,924807,2020,CA0011400,East Bay Regional Park District,Other,CA,California,Pacific,West,7,"Cities under 2,500",20-MAY-20,1.0,0.0,1,1.0,0.0,White,Not Hispanic or Latino,1,Intimidation,1.0,Park/Playground,Anti-Asian,Individual,S,S,39538223,6085947,0.1539256582,94,0.001544541876555941,0.00023774462499237761
8,1262573,2020,CA0070500,El Cerrito,City,CA,California,Pacific,West,4,"Cities from 25,000 thru 49,999",12-OCT-20,1.0,0.0,1,1.0,0.0,Unknown,Unknown,1,Robbery,1.0,Highway/Road/Alley/Street/Sidewalk,Anti-Asian,Individual,S,S,39538223,6085947,0.1539256582,94,0.001544541876555941,0.00023774462499237761
9,1346453,2020,CA0071000,Richmond,City,CA,California,Pacific,West,2,"Cities from 100,000 thru 249,999",10-DEC-20,1.0,0.0,1,1.0,0.0,White,Not Hispanic or Latino,1,Intimidation,1.0,Residence/Home,Anti-Asian,Individual,S,S,39538223,6085947,0.1539256582,94,0.001544541876555941,0.00023774462499237761
10,1262437,2020,CA0071100,San Pablo,City,CA,California,Pacific,West,4,"Cities from 25,000 thru 49,999",21-MAR-20,2.0,0.0,1,1.0,0.0,Black or African American,Not Hispanic or Latino,2,Intimidation,2.0,Convenience Store,Anti-Asian,Individual,S,S,39538223,6085947,0.1539256582,94,0.001544541876555941,0.00023774462499237761
11,1262659,2020,CA0071200,Walnut Creek,City,CA,California,Pacific,West,3,"Cities from 50,000 thru 99,999",08-JUL-20,1.0,0.0,1,1.0,0.0,Unknown,Unknown,1,Simple Assault,1.0,Bank/Savings and Loan,Anti-Asian,Individual,S,S,39538223,6085947,0.1539256582,94,0.001544541876555941,0.00023774462499237761
12,1092063,2020,CA0100100,Clovis,City,CA,California,Pacific,West,2,"Cities from 100,000 thru 249,999",03-JUN-20,1.0,0.0,1,1.0,0.0,Unknown,Hispanic or Latino,1,Destruction/Damage/Vandalism of Property,1.0,Residence/Home,Anti-Asian,Individual,S,S,39538223,6085947,0.1539256582,94,0.001544541876555941,0.00023774462499237761
13,908285,2020,CA0190000,Los Angeles,County,CA,California,Pacific,West,9A,"MSA counties 100,000 or over",20-MAR-20,1.0,0.0,0,0.0,0.0,Unknown,Unknown,1,Simple Assault,1.0,Parking/Drop Lot/Garage,Anti-Asian,Individual,S,S,39538223,6085947,0.1539256582,94,0.001544541876555941,0.00023774462499237761
14,1346232,2020,CA0190000,Los Angeles,County,CA,California,Pacific,West,9A,"MSA counties 100,000 or over",14-JUL-20,2.0,0.0,1,1.0,0.0,Unknown,Hispanic or Latino,2,Aggravated Assault;Intimidation,2.0,Parking/Drop Lot/Garage,Anti-Asian,Individual,M,S,39538223,6085947,0.1539256582,94,0.001544541876555941,0.00023774462499237761
15,1092057,2020,CA0190200,Arcadia,City,CA,California,Pacific,West,3,"Cities from 50,000 thru 99,999",11-JUL-20,1.0,0.0,1,1.0,0.0,White,Not Hispanic or Latino,1,Simple Assault,1.0,Highway/Road/Alley/Street/Sidewalk,Anti-Asian,Individual,S,S,39538223,6085947,0.1539256582,94,0.001544541876555941,0.00023774462499237761
16,1262555,2020,CA0191R0X,Santa Clarita,City,CA,California,Pacific,West,2,"Cities from 100,000 thru 249,999",20-AUG-20,1.0,0.0,2,2.0,0.0,Unknown,Hispanic or Latino,1,Aggravated Assault,1.0,Parking/Drop Lot/Garage,Anti-Asian,Individual,S,S,39538223,6085947,0.1539256582,94,0.001544541876555941,0.00023774462499237761
17,1262618,2020,CA0193600,La Mirada,City,CA,California,Pacific,West,4,"Cities from 25,000 thru 49,999",21-OCT-20,1.0,0.0,1,1.0,0.0,White,Unknown,1,Simple Assault,1.0,Highway/Road/Alley/Street/Sidewalk,Anti-Asian,Individual,S,S,39538223,6085947,0.1539256582,94,0.001544541876555941,0.00023774462499237761
18,908206,2020,CA0194200,Los Angeles,City,CA,California,Pacific,West,1A,"Cities 1,000,000 or over",21-FEB-20,1.0,0.0,1,1.0,0.0,White,Unknown,1,Simple Assault,1.0,Highway/Road/Alley/Street/Sidewalk,Anti-Asian,Individual,S,S,39538223,6085947,0.1539256582,94,0.001544541876555941,0.00023774462499237761
19,908232,2020,CA0194200,Los Angeles,City,CA,California,Pacific,West,1A,"Cities 1,000,000 or over",04-MAR-20,1.0,0.0,1,1.0,0.0,White,Hispanic or Latino,1,Simple Assault,1.0,Highway/Road/Alley/Street/Sidewalk,Anti-Asian,Individual,S,S,39538223,6085947,0.1539256582,94,0.001544541876555941,0.00023774462499237761
20,908330,2020,CA0194200,Los Angeles,City,CA,California,Pacific,West,1A,"Cities 1,000,000 or over",21-APR-20,1.0,0.0,1,1.0,0.0,White,Unknown,1,Intimidation,1.0,Highway/Road/Alley/Street/Sidewalk,Anti-Asian,Individual,S,S,39538223,6085947,0.1539256582,94,0.001544541876555941,0.00023774462499237761
21,908358,2020,CA0194200,Los Angeles,City,CA,California,Pacific,West,1A,"Cities 1,000,000 or over",13-APR-20,1.0,0.0,1,1.0,0.0,Unknown,Hispanic or Latino,1,Aggravated Assault,1.0,Highway/Road/Alley/Street/Sidewalk,Anti-Asian,Individual,S,S,39538223,6085947,0.1539256582,94,0.001544541876555941,0.00023774462499237761
22,908388,2020,CA0194200,Los Angeles,City,CA,California,Pacific,West,1A,"Cities 1,000,000 or over",06-APR-20,1.0,0.0,1,1.0,0.0,Unknown,Hispanic or Latino,1,Simple Assault,1.0,Highway/Road/Alley/Street/Sidewalk,Anti-Asian,Individual,S,S,39538223,6085947,0.1539256582,94,0.001544541876555941,0.00023774462499237761
23,929799,2020,CA0194200,Los Angeles,City,CA,California,Pacific,West,1A,"Cities 1,000,000 or over",29-APR-20,1.0,0.0,1,1.0,0.0,White,Not Hispanic or Latino,1,Aggravated Assault,1.0,Highway/Road/Alley/Street/Sidewalk,Anti-Asian,Individual,S,S,39538223,6085947,0.1539256582,94,0.001544541876555941,0.00023774462499237761
24,1091730,2020,CA0194200,Los Angeles,City,CA,California,Pacific,West,1A,"Cities 1,000,000 or over",15-SEP-20,1.0,0.0,1,1.0,0.0,Unknown,Hispanic or Latino,1,Simple Assault,1.0,Bank/Savings and Loan,Anti-Asian,Individual,S,S,39538223,6085947,0.1539256582,94,0.001544541876555941,0.00023774462499237761
25,1091882,2020,CA0194200,Los Angeles,City,CA,California,Pacific,West,1A,"Cities 1,000,000 or over",28-JUL-20,1.0,0.0,1,1.0,0.0,Black or African American,Unknown,1,Simple Assault,1.0,Convenience Store,Anti-Asian,Individual,S,S,39538223,6085947,0.1539256582,94,0.001544541876555941,0.00023774462499237761
26,1092073,2020,CA0194200,Los Angeles,City,CA,California,Pacific,West,1A,"Cities 1,000,000 or over",11-MAR-20,1.0,0.0,1,1.0,0.0,Unknown,Unknown,1,Intimidation,1.0,Residence/Home,Anti-Asian,Individual,S,S,39538223,6085947,0.1539256582,94,0.001544541876555941,0.00023774462499237761
27,1259638,2020,CA0194200,Los Angeles,City,CA,California,Pacific,West,1A,"Cities 1,000,000 or over",09-OCT-20,1.0,0.0,1,1.0,0.0,Black or African American,Not Hispanic or Latino,1,Simple Assault,1.0,Residence/Home,Anti-Asian,Individual,S,S,39538223,6085947,0.1539256582,94,0.001544541876555941,0.00023774462499237761
28,1346238,2020,CA0194200,Los Angeles,City,CA,California,Pacific,West,1A,"Cities 1,000,000 or over",25-APR-20,1.0,0.0,0,0.0,0.0,Unknown,Unknown,1,Intimidation,1.0,Other/Unknown,Anti-Asian,Individual,S,S,39538223,6085947,0.1539256582,94,0.001544541876555941,0.00023774462499237761
29,1346251,2020,CA0194200,Los Angeles,City,CA,California,Pacific,West,1A,"Cities 1,000,000 or over",11-MAY-20,1.0,0.0,1,1.0,0.0,White,Not Hispanic or Latino,1,Intimidation,1.0,Highway/Road/Alley/Street/Sidewalk,Anti-Asian,Individual,S,S,39538223,6085947,0.1539256582,94,0.001544541876555941,0.00023774462499237761
30,1346490,2020,CA0194200,Los Angeles,City,CA,California,Pacific,West,1A,"Cities 1,000,000 or over",04-FEB-20,0.0,1.0,1,0.0,1.0,White,Unknown,1,Simple Assault,1.0,School-Elementary/Secondary,Anti-Asian,Individual,S,S,39538223,6085947,0.1539256582,94,0.001544541876555941,0.00023774462499237761
31,1346494,2020,CA0194200,Los Angeles,City,CA,California,Pacific,West,1A,"Cities 1,000,000 or over",05-MAR-20,1.0,0.0,4,0.0,4.0,Black or African American,Unknown,1,Simple Assault,1.0,Highway/Road/Alley/Street/Sidewalk,Anti-Asian,Individual,S,S,39538223,6085947,0.1539256582,94,0.001544541876555941,0.00023774462499237761
32,1262454,2020,CA0194800,Monterey Park,City,CA,California,Pacific,West,3,"Cities from 50,000 thru 99,999",10-NOV-20,1.0,0.0,1,1.0,0.0,White,Hispanic or Latino,1,Destruction/Damage/Vandalism of Property,1.0,Residence/Home,Anti-Asian,Individual,S,S,39538223,6085947,0.1539256582,94,0.001544541876555941,0.00023774462499237761
33,1091907,2020,CA0195300,Pasadena,City,CA,California,Pacific,West,2,"Cities from 100,000 thru 249,999",03-MAY-20,2.0,0.0,1,1.0,0.0,Black or African American,Not Hispanic or Latino,2,Aggravated Assault,2.0,Highway/Road/Alley/Street/Sidewalk,Anti-Asian,Individual,S,S,39538223,6085947,0.1539256582,94,0.001544541876555941,0.00023774462499237761
34,1346258,2020,CA0196500,Santa Monica,City,CA,California,Pacific,West,3,"Cities from 50,000 thru 99,999",18-DEC-20,,,1,1.0,0.0,Black or African American,Multiple,1,Destruction/Damage/Vandalism of Property,,Restaurant,Anti-Asian,Business,S,S,39538223,6085947,0.1539256582,94,0.001544541876555941,0.00023774462499237761
35,1091956,2020,CA0197200,Torrance,City,CA,California,Pacific,West,2,"Cities from 100,000 thru 249,999",05-MAY-20,1.0,0.0,0,0.0,0.0,Unknown,Unknown,1,Intimidation,1.0,School-College/University,Anti-Asian,Individual,S,S,39538223,6085947,0.1539256582,94,0.001544541876555941,0.00023774462499237761
36,1092055,2020,CA0197200,Torrance,City,CA,California,Pacific,West,2,"Cities from 100,000 thru 249,999",13-JUL-20,,,1,1.0,0.0,White,Not Hispanic or Latino,1,Destruction/Damage/Vandalism of Property,,Restaurant,Anti-Asian,Business,S,S,39538223,6085947,0.1539256582,94,0.001544541876555941,0.00023774462499237761
37,1262668,2020,CA0197200,Torrance,City,CA,California,Pacific,West,2,"Cities from 100,000 thru 249,999",10-JUN-20,1.0,2.0,1,1.0,0.0,Unknown,Hispanic or Latino,3,Intimidation,3.0,Park/Playground,Anti-Asian,Individual,S,S,39538223,6085947,0.1539256582,94,0.001544541876555941,0.00023774462499237761
38,1282942,2020,CA0197200,Torrance,City,CA,California,Pacific,West,2,"Cities from 100,000 thru 249,999",15-JUN-20,2.0,0.0,0,0.0,0.0,Unknown,Unknown,2,Intimidation,2.0,Specialty Store,Anti-Asian,Individual,S,S,39538223,6085947,0.1539256582,94,0.001544541876555941,0.00023774462499237761
39,1282943,2020,CA0197200,Torrance,City,CA,California,Pacific,West,2,"Cities from 100,000 thru 249,999",10-JUN-20,1.0,0.0,1,1.0,0.0,White,Hispanic or Latino,1,Simple Assault,1.0,Park/Playground,Anti-Asian,Individual,S,S,39538223,6085947,0.1539256582,94,0.001544541876555941,0.00023774462499237761
40,1346482,2020,CA0197500,West Covina,City,CA,California,Pacific,West,2,"Cities from 100,000 thru 249,999",24-MAR-20,1.0,0.0,0,0.0,0.0,Unknown,Unknown,1,Intimidation,1.0,Highway/Road/Alley/Street/Sidewalk,Anti-Asian,Individual,S,S,39538223,6085947,0.1539256582,94,0.001544541876555941,0.00023774462499237761
41,1346472,2020,CA0199700,University of California:,University or College,CA,California,Pacific,West,7,"Cities under 2,500",29-JAN-20,1.0,0.0,1,1.0,0.0,Unknown,,1,Simple Assault,1.0,Drug Store/Doctor's Office/Hospital,Anti-Asian,Individual,S,S,39538223,6085947,0.1539256582,94,0.001544541876555941,0.00023774462499237761
42,1091900,2020,CA0210600,Novato,City,CA,California,Pacific,West,3,"Cities from 50,000 thru 99,999",01-APR-20,1.0,0.0,0,0.0,0.0,Unknown,Unknown,1,Destruction/Damage/Vandalism of Property,1.0,Residence/Home,Anti-Asian,Individual,S,S,39538223,6085947,0.1539256582,94,0.001544541876555941,0.00023774462499237761
43,1092053,2020,CA0270700,Pacific Grove,City,CA,California,Pacific,West,5,"Cities from 10,000 thru 24,999",12-AUG-20,1.0,0.0,1,1.0,0.0,White,Not Hispanic or Latino,1,Destruction/Damage/Vandalism of Property,1.0,Highway/Road/Alley/Street/Sidewalk,Anti-Asian,Individual,S,S,39538223,6085947,0.1539256582,94,0.001544541876555941,0.00023774462499237761
44,1091696,2020,CA0300900,Garden Grove,City,CA,California,Pacific,West,2,"Cities from 100,000 thru 249,999",20-APR-20,1.0,0.0,1,1.0,0.0,Unknown,Hispanic or Latino,1,Simple Assault,1.0,Residence/Home,Anti-Asian,Individual,S,S,39538223,6085947,0.1539256582,94,0.001544541876555941,0.00023774462499237761
45,1346443,2020,CA0302400,Westminster,City,CA,California,Pacific,West,3,"Cities from 50,000 thru 99,999",23-DEC-20,2.0,0.0,3,3.0,0.0,Unknown,Hispanic or Latino,2,Robbery,2.0,Highway/Road/Alley/Street/Sidewalk,Anti-Asian,Individual,S,S,39538223,6085947,0.1539256582,94,0.001544541876555941,0.00023774462499237761
46,1346579,2020,CA0302400,Westminster,City,CA,California,Pacific,West,3,"Cities from 50,000 thru 99,999",30-MAR-20,1.0,0.0,0,0.0,0.0,Unknown,Unknown,1,Destruction/Damage/Vandalism of Property,1.0,Residence/Home,Anti-Asian,Individual,S,S,39538223,6085947,0.1539256582,94,0.001544541876555941,0.00023774462499237761
47,1262310,2020,CA0302600,Irvine,City,CA,California,Pacific,West,1C,"Cities from 250,000 thru 499,999",04-JUN-20,1.0,0.0,1,1.0,0.0,White,Not Hispanic or Latino,1,Simple Assault,1.0,Residence/Home,Anti-Asian,Individual,S,S,39538223,6085947,0.1539256582,94,0.001544541876555941,0.00023774462499237761
48,1346468,2020,CA0309700,University of California:,University or College,CA,California,Pacific,West,7,"Cities under 2,500",28-JAN-20,1.0,0.0,1,1.0,0.0,Asian,,1,Intimidation,1.0,School-College/University,Anti-Asian,Individual,S,S,39538223,6085947,0.1539256582,94,0.001544541876555941,0.00023774462499237761
49,1091924,2020,CA0331300,Riverside,City,CA,California,Pacific,West,1C,"Cities from 250,000 thru 499,999",02-FEB-20,2.0,0.0,2,2.0,0.0,Multiple,Multiple,2,Simple Assault,2.0,Service/Gas Station,Anti-Asian,Individual,S,S,39538223,6085947,0.1539256582,94,0.001544541876555941,0.00023774462499237761
50,1088336,2020,CA0340400,Sacramento,City,CA,California,Pacific,West,1B,"Cities from 500,000 thru 999,999",29-JUN-20,1.0,0.0,1,1.0,0.0,Unknown,Unknown,1,Burglary/Breaking & Entering,1.0,Residence/Home,Anti-Asian,Individual,S,S,39538223,6085947,0.1539256582,94,0.001544541876555941,0.00023774462499237761
51,1088339,2020,CA0340400,Sacramento,City,CA,California,Pacific,West,1B,"Cities from 500,000 thru 999,999",28-JUN-20,1.0,0.0,1,1.0,0.0,Unknown,Unknown,1,Burglary/Breaking & Entering,1.0,Residence/Home,Anti-Asian,Individual,S,S,39538223,6085947,0.1539256582,94,0.001544541876555941,0.00023774462499237761
52,1092062,2020,CA0340400,Sacramento,City,CA,California,Pacific,West,1B,"Cities from 500,000 thru 999,999",19-JUL-20,3.0,0.0,1,1.0,0.0,White,Not Hispanic or Latino,3,Destruction/Damage/Vandalism of Property,3.0,Residence/Home,Anti-Asian,Individual,S,S,39538223,6085947,0.1539256582,94,0.001544541876555941,0.00023774462499237761
53,1262637,2020,CA0340H00,Elk Grove,City,CA,California,Pacific,West,2,"Cities from 100,000 thru 249,999",17-DEC-20,,,1,1.0,0.0,White,Not Hispanic or Latino,1,Destruction/Damage/Vandalism of Property,,Restaurant,Anti-Asian,Business,S,S,39538223,6085947,0.1539256582,94,0.001544541876555941,0.00023774462499237761
54,1091748,2020,CA0360200,Chino,City,CA,California,Pacific,West,3,"Cities from 50,000 thru 99,999",02-APR-20,1.0,0.0,1,1.0,0.0,Unknown,Hispanic or Latino,1,Aggravated Assault,1.0,Grocery/Supermarket,Anti-Asian,Individual,S,S,39538223,6085947,0.1539256582,94,0.001544541876555941,0.00023774462499237761
55,1262417,2020,CA0360800,Redlands,City,CA,California,Pacific,West,3,"Cities from 50,000 thru 99,999",15-MAR-20,1.0,0.0,1,1.0,0.0,Black or African American,Not Hispanic or Latino,1,Aggravated Assault,1.0,Parking/Drop Lot/Garage,Anti-Asian,Individual,S,S,39538223,6085947,0.1539256582,94,0.001544541876555941,0.00023774462499237761
56,1262419,2020,CA0360800,Redlands,City,CA,California,Pacific,West,3,"Cities from 50,000 thru 99,999",09-MAR-20,1.0,0.0,1,1.0,0.0,Unknown,Hispanic or Latino,1,Simple Assault,1.0,Restaurant,Anti-Asian,Individual,S,S,39538223,6085947,0.1539256582,94,0.001544541876555941,0.00023774462499237761
57,908248,2020,CA0370100,Carlsbad,City,CA,California,Pacific,West,2,"Cities from 100,000 thru 249,999",27-MAR-20,1.0,0.0,1,1.0,0.0,Unknown,Unknown,1,Intimidation,1.0,Residence/Home,Anti-Asian,Individual,S,S,39538223,6085947,0.1539256582,94,0.001544541876555941,0.00023774462499237761
58,1259608,2020,CA0371000,Oceanside,City,CA,California,Pacific,West,2,"Cities from 100,000 thru 249,999",06-SEP-20,2.0,0.0,1,1.0,0.0,Unknown,,2,Destruction/Damage/Vandalism of Property,2.0,Commercial/Office Building,Anti-Asian,Individual,S,S,39538223,6085947,0.1539256582,94,0.001544541876555941,0.00023774462499237761
59,908273,2020,CA0371100,San Diego,City,CA,California,Pacific,West,1A,"Cities 1,000,000 or over",14-APR-20,1.0,0.0,0,0.0,0.0,Unknown,Unknown,1,Intimidation,1.0,Restaurant,Anti-Asian,Individual,S,S,39538223,6085947,0.1539256582,94,0.001544541876555941,0.00023774462499237761
60,1091955,2020,CA0371100,San Diego,City,CA,California,Pacific,West,1A,"Cities 1,000,000 or over",21-JUL-20,1.0,0.0,1,1.0,0.0,White,Not Hispanic or Latino,1,Intimidation,1.0,Lake/Waterway/Beach,Anti-Asian,Individual,S,S,39538223,6085947,0.1539256582,94,0.001544541876555941,0.00023774462499237761
61,1262655,2020,CA0379700,University of California:,University or College,CA,California,Pacific,West,7,"Cities under 2,500",01-DEC-20,,,0,0.0,0.0,Unknown,Unknown,1,Destruction/Damage/Vandalism of Property,,School-College/University,Anti-Asian,Government,S,S,39538223,6085947,0.1539256582,94,0.001544541876555941,0.00023774462499237761
62,908157,2020,CA0380100,San Francisco,City,CA,California,Pacific,West,1B,"Cities from 500,000 thru 999,999",01-MAR-20,1.0,0.0,2,2.0,0.0,Black or African American,,1,Robbery,1.0,Highway/Road/Alley/Street/Sidewalk,Anti-Asian,Individual,S,S,39538223,6085947,0.1539256582,94,0.001544541876555941,0.00023774462499237761
63,908163,2020,CA0380100,San Francisco,City,CA,California,Pacific,West,1B,"Cities from 500,000 thru 999,999",29-FEB-20,1.0,0.0,1,1.0,0.0,Black or African American,,1,Simple Assault,1.0,Highway/Road/Alley/Street/Sidewalk,Anti-Asian,Individual,S,S,39538223,6085947,0.1539256582,94,0.001544541876555941,0.00023774462499237761
64,1091805,2020,CA0380100,San Francisco,City,CA,California,Pacific,West,1B,"Cities from 500,000 thru 999,999",22-JUL-20,1.0,0.0,1,1.0,0.0,White,,1,Simple Assault,1.0,Highway/Road/Alley/Street/Sidewalk,Anti-Asian,Individual,S,S,39538223,6085947,0.1539256582,94,0.001544541876555941,0.00023774462499237761
65,1262379,2020,CA0380100,San Francisco,City,CA,California,Pacific,West,1B,"Cities from 500,000 thru 999,999",28-NOV-20,1.0,0.0,1,1.0,0.0,Asian,,1,Simple Assault,1.0,Highway/Road/Alley/Street/Sidewalk,Anti-Asian,Individual,S,S,39538223,6085947,0.1539256582,94,0.001544541876555941,0.00023774462499237761
66,1346160,2020,CA0380100,San Francisco,City,CA,California,Pacific,West,1B,"Cities from 500,000 thru 999,999",16-AUG-20,1.0,0.0,1,1.0,0.0,White,Unknown,1,Robbery,1.0,Air/Bus/Train Terminal,Anti-Asian,Individual,S,S,39538223,6085947,0.1539256582,94,0.001544541876555941,0.00023774462499237761
67,1346164,2020,CA0380100,San Francisco,City,CA,California,Pacific,West,1B,"Cities from 500,000 thru 999,999",31-OCT-20,1.0,0.0,2,2.0,0.0,White,,1,Intimidation,1.0,Highway/Road/Alley/Street/Sidewalk,Anti-Asian,Individual,S,S,39538223,6085947,0.1539256582,94,0.001544541876555941,0.00023774462499237761
68,1346269,2020,CA0380100,San Francisco,City,CA,California,Pacific,West,1B,"Cities from 500,000 thru 999,999",23-MAR-20,1.0,0.0,1,1.0,0.0,White,Hispanic or Latino,1,Simple Assault,1.0,Air/Bus/Train Terminal,Anti-Asian,Individual,S,S,39538223,6085947,0.1539256582,94,0.001544541876555941,0.00023774462499237761
69,1346270,2020,CA0380100,San Francisco,City,CA,California,Pacific,West,1B,"Cities from 500,000 thru 999,999",18-JAN-20,1.0,0.0,1,1.0,0.0,White,Unknown,1,Simple Assault,1.0,Air/Bus/Train Terminal,Anti-Asian,Individual,S,S,39538223,6085947,0.1539256582,94,0.001544541876555941,0.00023774462499237761
70,1346273,2020,CA0380100,San Francisco,City,CA,California,Pacific,West,1B,"Cities from 500,000 thru 999,999",14-MAR-20,1.0,0.0,1,1.0,0.0,White,Unknown,1,Simple Assault,1.0,Highway/Road/Alley/Street/Sidewalk,Anti-Asian,Individual,S,S,39538223,6085947,0.1539256582,94,0.001544541876555941,0.00023774462499237761
71,1091908,2020,CA0390500,Stockton,City,CA,California,Pacific,West,1C,"Cities from 250,000 thru 499,999",03-APR-20,1.0,0.0,0,0.0,0.0,Unknown,Unknown,1,Destruction/Damage/Vandalism of Property,1.0,Residence/Home,Anti-Asian,Individual,S,S,39538223,6085947,0.1539256582,94,0.001544541876555941,0.00023774462499237761
72,1091977,2020,CA0400200,Grover Beach,City,CA,California,Pacific,West,5,"Cities from 10,000 thru 24,999",15-JUL-20,1.0,0.0,1,1.0,0.0,White,Not Hispanic or Latino,1,Simple Assault,1.0,Residence/Home,Anti-Asian,Individual,S,S,39538223,6085947,0.1539256582,94,0.001544541876555941,0.00023774462499237761
73,908256,2020,CA0400600,San Luis Obispo,City,CA,California,Pacific,West,4,"Cities from 25,000 thru 49,999",25-MAR-20,1.0,0.0,1,1.0,0.0,Black or African American,,1,Simple Assault,1.0,Shopping Mall,Anti-Asian,Individual,S,S,39538223,6085947,0.1539256582,94,0.001544541876555941,0.00023774462499237761
74,1346478,2020,CA0410000,San Mateo,County,CA,California,Pacific,West,9A,"MSA counties 100,000 or over",21-MAR-20,1.0,0.0,1,1.0,0.0,White,Not Hispanic or Latino,1,Simple Assault,1.0,Highway/Road/Alley/Street/Sidewalk,Anti-Asian,Individual,S,S,39538223,6085947,0.1539256582,94,0.001544541876555941,0.00023774462499237761
75,1088341,2020,CA0410800,Hillsborough,City,CA,California,Pacific,West,5,"Cities from 10,000 thru 24,999",18-APR-20,4.0,0.0,1,1.0,0.0,Unknown,Unknown,4,Intimidation,4.0,Residence/Home,Anti-Asian,Individual,S,S,39538223,6085947,0.1539256582,94,0.001544541876555941,0.00023774462499237761
76,1091815,2020,CA0411300,Redwood City,City,CA,California,Pacific,West,3,"Cities from 50,000 thru 99,999",30-JUN-20,1.0,0.0,1,1.0,0.0,White,Not Hispanic or Latino,1,Simple Assault,1.0,Highway/Road/Alley/Street/Sidewalk,Anti-Asian,Individual,S,S,39538223,6085947,0.1539256582,94,0.001544541876555941,0.00023774462499237761
77,1091897,2020,CA0411600,San Mateo,City,CA,California,Pacific,West,2,"Cities from 100,000 thru 249,999",15-MAY-20,1.0,0.0,0,0.0,0.0,Unknown,Unknown,1,Intimidation,1.0,Residence/Home,Anti-Asian,Individual,S,S,39538223,6085947,0.1539256582,94,0.001544541876555941,0.00023774462499237761
78,908092,2020,CA0430000,Santa Clara,County,CA,California,Pacific,West,9B,"MSA counties from 25,000 thru 99,999",18-JAN-20,1.0,0.0,1,1.0,0.0,White,Unknown,1,Simple Assault,1.0,Air/Bus/Train Terminal,Anti-Asian,Individual,S,S,39538223,6085947,0.1539256582,94,0.001544541876555941,0.00023774462499237761
79,1091689,2020,CA0430000,Santa Clara,County,CA,California,Pacific,West,9B,"MSA counties from 25,000 thru 99,999",28-JUN-20,1.0,0.0,1,1.0,0.0,White,Not Hispanic or Latino,1,Simple Assault,1.0,School-College/University,Anti-Asian,Individual,S,S,39538223,6085947,0.1539256582,94,0.001544541876555941,0.00023774462499237761
80,1092066,2020,CA0430200,Campbell,City,CA,California,Pacific,West,4,"Cities from 25,000 thru 49,999",10-APR-20,2.0,0.0,0,0.0,0.0,Unknown,Unknown,2,Intimidation,2.0,Residence/Home,Anti-Asian,Individual,S,S,39538223,6085947,0.1539256582,94,0.001544541876555941,0.00023774462499237761
81,1262483,2020,CA0430200,Campbell,City,CA,California,Pacific,West,4,"Cities from 25,000 thru 49,999",24-DEC-20,1.0,0.0,1,1.0,0.0,White,Hispanic or Latino,1,Simple Assault,1.0,Highway/Road/Alley/Street/Sidewalk,Anti-Asian,Individual,S,S,39538223,6085947,0.1539256582,94,0.001544541876555941,0.00023774462499237761
82,1262484,2020,CA0430200,Campbell,City,CA,California,Pacific,West,4,"Cities from 25,000 thru 49,999",24-OCT-20,1.0,0.0,1,0.0,1.0,White,Hispanic or Latino,1,Aggravated Assault,1.0,Other/Unknown,Anti-Asian,Individual,S,S,39538223,6085947,0.1539256582,94,0.001544541876555941,0.00023774462499237761
83,908243,2020,CA0431300,San Jose,City,CA,California,Pacific,West,1A,"Cities 1,000,000 or over",06-MAR-20,1.0,0.0,1,1.0,0.0,White,Not Hispanic or Latino,1,Simple Assault,1.0,Highway/Road/Alley/Street/Sidewalk,Anti-Asian,Individual,S,S,39538223,6085947,0.1539256582,94,0.001544541876555941,0.00023774462499237761
84,908296,2020,CA0431300,San Jose,City,CA,California,Pacific,West,1A,"Cities 1,000,000 or over",28-APR-20,2.0,0.0,1,1.0,0.0,White,Hispanic or Latino,2,Intimidation,2.0,Commercial/Office Building,Anti-Asian,Individual,S,S,39538223,6085947,0.1539256582,94,0.001544541876555941,0.00023774462499237761
85,908297,2020,CA0431300,San Jose,City,CA,California,Pacific,West,1A,"Cities 1,000,000 or over",03-APR-20,1.0,0.0,1,1.0,0.0,White,,1,Aggravated Assault,1.0,Park/Playground,Anti-Asian,Individual,S,S,39538223,6085947,0.1539256582,94,0.001544541876555941,0.00023774462499237761
86,1088346,2020,CA0431300,San Jose,City,CA,California,Pacific,West,1A,"Cities 1,000,000 or over",25-JUN-20,1.0,0.0,1,1.0,0.0,White,,1,Aggravated Assault,1.0,Residence/Home,Anti-Asian,Individual,S,S,39538223,6085947,0.1539256582,94,0.001544541876555941,0.00023774462499237761
87,1092080,2020,CA0431300,San Jose,City,CA,California,Pacific,West,1A,"Cities 1,000,000 or over",07-JUL-20,1.0,0.0,1,1.0,0.0,White,,1,Intimidation,1.0,Parking/Drop Lot/Garage,Anti-Asian,Individual,S,S,39538223,6085947,0.1539256582,94,0.001544541876555941,0.00023774462499237761
88,1092083,2020,CA0431300,San Jose,City,CA,California,Pacific,West,1A,"Cities 1,000,000 or over",09-AUG-20,1.0,0.0,1,1.0,0.0,Unknown,Unknown,1,Simple Assault,1.0,Parking/Drop Lot/Garage,Anti-Asian,Individual,S,S,39538223,6085947,0.1539256582,94,0.001544541876555941,0.00023774462499237761
89,1282955,2020,CA0431300,San Jose,City,CA,California,Pacific,West,1A,"Cities 1,000,000 or over",30-MAR-20,2.0,0.0,1,1.0,0.0,White,Hispanic or Latino,2,Intimidation,2.0,Grocery/Supermarket,Anti-Asian,Individual,S,S,39538223,6085947,0.1539256582,94,0.001544541876555941,0.00023774462499237761
90,1346353,2020,CA0431300,San Jose,City,CA,California,Pacific,West,1A,"Cities 1,000,000 or over",08-MAY-20,2.0,0.0,1,1.0,0.0,White,,2,Simple Assault,2.0,Park/Playground,Anti-Asian,Individual,S,S,39538223,6085947,0.1539256582,94,0.001544541876555941,0.00023774462499237761
91,1346363,2020,CA0431300,San Jose,City,CA,California,Pacific,West,1A,"Cities 1,000,000 or over",24-APR-20,1.0,0.0,3,3.0,0.0,Black or African American,,1,Simple Assault,1.0,Highway/Road/Alley/Street/Sidewalk,Anti-Asian,Individual,S,S,39538223,6085947,0.1539256582,94,0.001544541876555941,0.00023774462499237761
92,1346533,2020,CA0440000,Santa Cruz,County,CA,California,Pacific,West,9A,"MSA counties 100,000 or over",13-AUG-20,1.0,0.0,2,2.0,0.0,White,Not Hispanic or Latino,1,Simple Assault,1.0,Lake/Waterway/Beach,Anti-Asian,Individual,S,S,39538223,6085947,0.1539256582,94,0.001544541876555941,0.00023774462499237761
93,1262503,2020,CA0480600,Vacaville,City,CA,California,Pacific,West,2,"Cities from 100,000 thru 249,999",17-MAY-20,1.0,0.0,0,0.0,0.0,Unknown,Unknown,1,Destruction/Damage/Vandalism of Property,1.0,Parking/Drop Lot/Garage,Anti-Asian,Individual,S,S,39538223,6085947,0.1539256582,94,0.001544541876555941,0.00023774462499237761
94,1091754,2020,CA0491100,Department of Parks and Recreation:,Other State Agency,CA,California,Pacific,West,9D,"MSA counties under 10,000",11-JAN-20,,,0,0.0,0.0,Unknown,Unknown,1,Destruction/Damage/Vandalism of Property,,Park/Playground,Anti-Asian,Government,S,S,39538223,6085947,0.1539256582,94,0.001544541876555941,0.00023774462499237761
95,1345348,2020,CO0010100,Aurora,City,CO,Colorado,Mountain,West,1C,"Cities from 250,000 thru 499,999",29-JUN-20,1.0,0.0,1,1.0,0.0,White,Not Hispanic or Latino,1,Robbery,1.0,Air/Bus/Train Terminal,Anti-Asian,Individual,S,S,5773714,199827,0.03460978497,7,0.003503030121054712,0.00012123911922204669
96,1345482,2020,CO0010100,Aurora,City,CO,Colorado,Mountain,West,1C,"Cities from 250,000 thru 499,999",10-JUN-20,1.0,0.0,0,,,Unknown,Unknown,1,Destruction/Damage/Vandalism of Property,1.0,Highway/Road/Alley/Street/Sidewalk,Anti-Asian,Individual,S,S,5773714,199827,0.03460978497,7,0.003503030121054712,0.00012123911922204669
97,894484,2020,CO0100300,Empire,City,CO,Colorado,Mountain,West,7,"Cities under 2,500",01-JAN-20,1.0,0.0,1,1.0,0.0,White,Not Hispanic or Latino,2,Destruction/Damage/Vandalism of Property;Intimidation,1.0,Convenience Store,Anti-Asian,Individual,M,S,5773714,199827,0.03460978497,7,0.003503030121054712,0.00012123911922204669
98,1345551,2020,CO0210100,Colorado Springs,City,CO,Colorado,Mountain,West,1C,"Cities from 250,000 thru 499,999",18-DEC-20,1.0,0.0,1,1.0,0.0,White,Not Hispanic or Latino,1,Intimidation,1.0,Drug Store/Doctor's Office/Hospital,Anti-Asian,Individual,S,S,5773714,199827,0.03460978497,7,0.003503030121054712,0.00012123911922204669
99,1345789,2020,CODPD0000,Denver,City,CO,Colorado,Mountain,West,1B,"Cities from 500,000 thru 999,999",13-MAY-20,2.0,0.0,2,2.0,0.0,White,Not Hispanic or Latino,2,Intimidation,2.0,Residence/Home,Anti-Asian,Individual,S,S,5773714,199827,0.03460978497,7,0.003503030121054712,0.00012123911922204669
100,1345861,2020,CODPD0000,Denver,City,CO,Colorado,Mountain,West,1B,"Cities from 500,000 thru 999,999",11-JUN-20,1.0,0.0,1,1.0,0.0,Black or African American,Unknown,1,Aggravated Assault,1.0,Air/Bus/Train Terminal,Anti-Asian,Individual,S,S,5773714,199827,0.03460978497,7,0.003503030121054712,0.00012123911922204669
101,1352076,2020,CT0008800,Naugatuck,City,CT,Connecticut,New England,Northeast,4,"Cities from 25,000 thru 49,999",20-APR-20,1.0,0.0,1,1.0,0.0,White,Hispanic or Latino,1,Intimidation,1.0,Residence/Home,Anti-Asian,Individual,S,S,3605944,172455,0.04782520194,3,0.0017395842393667911,8.319596754691698e-05
102,1327148,2020,DCMPD0000,Washington,City,DC,District of Columbia,South Atlantic,South,1B,"Cities from 500,000 thru 999,999",11-JAN-20,1.0,0.0,1,1.0,0.0,White,Unknown,1,Simple Assault,1.0,Highway/Road/Alley/Street/Sidewalk,Anti-Asian,Individual,S,S,689545,33545,0.04864802152,1,0.002981070204203309,0.0001450231674510003
103,1346763,2020,FL0060800,Pembroke Pines,City,FL,Florida,South Atlantic,South,2,"Cities from 100,000 thru 249,999",29-NOV-20,0.0,1.0,2,1.0,1.0,Black or African American,Unknown,1,Intimidation,1.0,Other/Unknown,Anti-Asian,Individual,S,S,21538187,643682,0.02988561665,3,0.00046606864880484463,1.3928748970375268e-05
104,1346885,2020,FL0130700,Miami Beach,City,FL,Florida,South Atlantic,South,3,"Cities from 50,000 thru 99,999",19-DEC-20,1.0,0.0,2,2.0,0.0,White,Unknown,1,Simple Assault,1.0,Hotel/Motel/Etc.,Anti-Asian,Individual,S,S,21538187,643682,0.02988561665,3,0.00046606864880484463,1.3928748970375268e-05
105,1346949,2020,FL0640300,New Smyrna Beach,City,FL,Florida,South Atlantic,South,4,"Cities from 25,000 thru 49,999",29-JUL-20,3.0,0.0,2,2.0,0.0,White,Unknown,3,Destruction/Damage/Vandalism of Property,3.0,Residence/Home,Anti-Asian,Individual,S,S,21538187,643682,0.02988561665,3,0.00046606864880484463,1.3928748970375268e-05
106,1327168,2020,CAFBILA00,Federal Bureau of Investigation,Federal,FS,California,Other,Other,7,"Cities under 2,500",25-APR-20,1.0,0.0,0,0.0,0.0,Unknown,Unknown,1,Intimidation,1.0,Cyberspace,Anti-Asian,Individual,S,S,39538223,6085947,0.1539256582,94,0.001544541876555941,0.00023774462499237761
107,1329290,2020,CAFBILA00,Federal Bureau of Investigation,Federal,FS,California,Other,Other,7,"Cities under 2,500",08-SEP-20,,,1,,,Unknown,Unknown,7,Aggravated Assault,7.0,Other/Unknown,Anti-Asian,Individual,S,S,39538223,6085947,0.1539256582,94,0.001544541876555941,0.00023774462499237761
108,1329297,2020,CAFBILA00,Federal Bureau of Investigation,Federal,FS,California,Other,Other,7,"Cities under 2,500",15-JUN-20,,,1,,,Unknown,Unknown,2,Intimidation,2.0,Specialty Store,Anti-Asian,Individual,S,S,39538223,6085947,0.1539256582,94,0.001544541876555941,0.00023774462499237761
109,1327172,2020,CAFBISC00,Federal Bureau of Investigation,Federal,FS,California,Other,Other,7,"Cities under 2,500",23-MAR-20,1.0,1.0,1,1.0,0.0,White,Hispanic or Latino,2,Destruction/Damage/Vandalism of Property,2.0,Residence/Home,Anti-Asian,Individual,S,S,39538223,6085947,0.1539256582,94,0.001544541876555941,0.00023774462499237761
110,1329304,2020,COFBIDN00,Federal Bureau of Investigation,Federal,FS,Colorado,Other,Other,7,"Cities under 2,500",15-JUN-20,1.0,0.0,1,1.0,0.0,White,Not Hispanic or Latino,1,Aggravated Assault,1.0,Liquor Store,Anti-Asian,Individual,S,S,5773714,199827,0.03460978497,7,0.003503030121054712,0.00012123911922204669
111,1327174,2020,CTFBINH00,Federal Bureau of Investigation,Federal,FS,Connecticut,Other,Other,7,"Cities under 2,500",03-APR-20,2.0,0.0,0,0.0,0.0,Unknown,Unknown,2,Intimidation,2.0,Cyberspace,Anti-Asian,Individual,S,S,3605944,172455,0.04782520194,3,0.0017395842393667911,8.319596754691698e-05
112,1327176,2020,CTFBINH00,Federal Bureau of Investigation,Federal,FS,Connecticut,Other,Other,7,"Cities under 2,500",03-APR-20,2.0,0.0,0,0.0,0.0,Unknown,Unknown,2,Intimidation,2.0,Cyberspace,Anti-Asian,Individual,S,S,3605944,172455,0.04782520194,3,0.0017395842393667911,8.319596754691698e-05
113,1329421,2020,MOFBIKC00,Federal Bureau of Investigation,Federal,FS,Montana,Other,Other,7,"Cities under 2,500",23-JUN-20,3.0,0.0,3,3.0,0.0,White,Not Hispanic or Latino,3,Intimidation,3.0,Residence/Home,Anti-Asian,Individual,S,S,1084225,8300,0.007655237612,2,0.024096385542168672,0.0001844635569185363
114,1329418,2020,MOFBISL00,Federal Bureau of Investigation,Federal,FS,Montana,Other,Other,7,"Cities under 2,500",30-MAR-20,1.0,0.0,0,0.0,0.0,Unknown,Unknown,1,Intimidation,1.0,Cyberspace,Anti-Asian,Individual,S,S,1084225,8300,0.007655237612,2,0.024096385542168672,0.0001844635569185363
115,1329429,2020,NMFBIAQ00,Federal Bureau of Investigation,Federal,FS,New Mexico,Other,Other,7,"Cities under 2,500",22-JUL-20,1.0,0.0,1,1.0,0.0,Black or African American,Not Hispanic or Latino,1,Aggravated Assault,1.0,Government/Public Building,Anti-Asian,Individual,S,S,2117522,37469,0.01769473942,1,0.0026688729349595664,4.722501112149012e-05
116,1329452,2020,TXFBIEP00,Federal Bureau of Investigation,Federal,FS,Texas,Other,Other,7,"Cities under 2,500",14-MAR-20,1.0,2.0,1,1.0,0.0,White,Hispanic or Latino,3,Aggravated Assault,3.0,Department/Discount Store,Anti-Asian,Individual,S,S,29145505,1585480,0.05439878293,12,0.0007568685823851452,4.11727297228166e-05
117,1329377,2020,WAFBISE00,Federal Bureau of Investigation,Federal,FS,Washington,Other,Other,7,"Cities under 2,500",23-MAY-20,1.0,0.0,1,1.0,0.0,Asian,Not Hispanic or Latino,1,Simple Assault,1.0,Cyberspace,Anti-Asian,Individual,S,S,7705281,730596,0.09481756733,26,0.0035587383451319197,0.0003374309126429004
118,1332810,2020,HI0020000,Honolulu,City,HI,Hawaii,Pacific,West,1B,"Cities from 500,000 thru 999,999",01-JUL-20,1.0,0.0,1,1.0,0.0,Native Hawaiian or Other Pacific Islander,Not Hispanic or Latino,1,Aggravated Assault,1.0,Highway/Road/Alley/Street/Sidewalk,Anti-Asian,Individual,S,S,1455271,541902,0.3723718813,4,0.0007381408446545685,0.00027486289495221163
119,1332826,2020,HI0020000,Honolulu,City,HI,Hawaii,Pacific,West,1B,"Cities from 500,000 thru 999,999",26-JUN-20,1.0,0.0,1,1.0,0.0,White,Not Hispanic or Latino,1,Simple Assault,1.0,Convenience Store,Anti-Asian,Law Enforcement Officer,S,S,1455271,541902,0.3723718813,4,0.0007381408446545685,0.00027486289495221163
120,1332856,2020,HI0020000,Honolulu,City,HI,Hawaii,Pacific,West,1B,"Cities from 500,000 thru 999,999",14-SEP-20,1.0,0.0,1,1.0,0.0,White,Not Hispanic or Latino,1,Simple Assault,1.0,Parking/Drop Lot/Garage,Anti-Asian,Individual,S,S,1455271,541902,0.3723718813,4,0.0007381408446545685,0.00027486289495221163
121,1332863,2020,HI0020000,Honolulu,City,HI,Hawaii,Pacific,West,1B,"Cities from 500,000 thru 999,999",05-MAY-20,1.0,0.0,1,1.0,0.0,White,Not Hispanic or Latino,1,Simple Assault,1.0,Residence/Home,Anti-Asian,Individual,S,S,1455271,541902,0.3723718813,4,0.0007381408446545685,0.00027486289495221163
122,1343157,2020,ID0010100,Boise,City,ID,Idaho,Mountain,West,2,"Cities from 100,000 thru 249,999",02-JUN-20,1.0,0.0,1,1.0,0.0,White,Not Hispanic or Latino,1,Intimidation,1.0,Parking/Drop Lot/Garage,Anti-Asian,Individual,S,S,1839106,26836,0.01459187236,1,0.003726337755254136,5.4374244877674255e-05
123,1050279,2020,IL0165K00,Cook County Forest Preserve,Other,IL,Illinois,East North Central,Midwest,9D,"MSA counties under 10,000",02-MAY-20,2.0,0.0,1,1.0,0.0,White,Unknown,2,Aggravated Assault,2.0,Field/Woods,Anti-Asian,Individual,S,S,12812508,754878,0.05891727053,3,0.00039741521146463403,2.3414619526481466e-05
124,796387,2020,IL0991100,Plainfield,City,IL,Illinois,East North Central,Midwest,4,"Cities from 25,000 thru 49,999",14-APR-20,1.0,0.0,0,,,Unknown,Unknown,2,Destruction/Damage/Vandalism of Property;Intimidation,1.0,Parking/Drop Lot/Garage,Anti-Asian,Individual,M,S,12812508,754878,0.05891727053,3,0.00039741521146463403,2.3414619526481466e-05
125,1236456,2020,ILCPD0000,Chicago,City,IL,Illinois,East North Central,Midwest,1A,"Cities 1,000,000 or over",17-MAY-20,1.0,0.0,1,1.0,0.0,White,Unknown,1,Simple Assault,1.0,Highway/Road/Alley/Street/Sidewalk,Anti-Asian,Individual,S,S,12812508,754878,0.05891727053,3,0.00039741521146463403,2.3414619526481466e-05
126,1327224,2020,IN0530100,Bloomington,City,IN,Indiana,East North Central,Midwest,3,"Cities from 50,000 thru 99,999",27-FEB-20,0.0,2.0,3,0.0,3.0,Multiple,Not Hispanic or Latino,2,Simple Assault,2.0,Shopping Mall,Anti-Asian,Individual,S,S,6785528,167959,0.02475253215,1,0.0005953833971385873,1.4737246681466793e-05
127,1316870,2020,KS0400100,Newton,City,KS,Kansas,West North Central,Midwest,5,"Cities from 10,000 thru 24,999",24-MAR-20,1.0,0.0,0,,,Unknown,Unknown,1,All Other Larceny,1.0,Residence/Home,Anti-Asian,Individual,S,S,2937880,86273,0.02936573311,2,0.002318222387073592,6.807629991694691e-05
128,1316912,2020,KS0400100,Newton,City,KS,Kansas,West North Central,Midwest,5,"Cities from 10,000 thru 24,999",29-MAR-20,1.0,0.0,1,0.0,1.0,White,Unknown,1,All Other Larceny,1.0,Residence/Home,Anti-Asian,Individual,S,S,2937880,86273,0.02936573311,2,0.002318222387073592,6.807629991694691e-05
129,1155916,2020,KY0020100,Scottsville,City,KY,Kentucky,East South Central,South,6,"Cities from 2,500 thru 9,999",17-MAR-20,1.0,0.0,1,1.0,0.0,White,Unknown,1,Intimidation,1.0,Restaurant,Anti-Asian,Individual,S,S,4505836,74426,0.0165176895,2,0.002687232956224975,4.4386879593487197e-05
130,1322577,2020,KY0340200,Lexington,City,KY,Kentucky,East South Central,South,1C,"Cities from 250,000 thru 499,999",26-MAR-20,2.0,0.0,0,,,Unknown,Unknown,2,Intimidation,2.0,Residence/Home,Anti-Asian,Individual,S,S,4505836,74426,0.0165176895,2,0.002687232956224975,4.4386879593487197e-05
131,1346750,2020,LANPD0000,New Orleans,City,LA,Louisiana,West South Central,South,1C,"Cities from 250,000 thru 499,999",07-APR-20,1.0,0.0,1,1.0,0.0,Black or African American,Unknown,1,Aggravated Assault,1.0,Highway/Road/Alley/Street/Sidewalk,Anti-Asian,Individual,S,S,4657757,86438,0.0185578595,1,0.0011568985862699275,2.146956142194623e-05
132,1354020,2020,MA0050200,Andover,City,MA,Massachusetts,New England,Northeast,4,"Cities from 25,000 thru 49,999",27-MAR-20,2.0,0.0,1,1.0,0.0,White,Not Hispanic or Latino,2,Simple Assault,2.0,Residence/Home,Anti-Asian,Individual,S,S,7029917,507934,0.07225320014,13,0.0025593876369764575,0.0001849239471817377
133,1088089,2020,MA0051400,Lynn,City,MA,Massachusetts,New England,Northeast,3,"Cities from 50,000 thru 99,999",29-JUN-20,1.0,0.0,0,,,Unknown,Unknown,1,Destruction/Damage/Vandalism of Property,1.0,Highway/Road/Alley/Street/Sidewalk,Anti-Asian,Individual,S,S,7029917,507934,0.07225320014,13,0.0025593876369764575,0.0001849239471817377
134,1301921,2020,MA0051900,Methuen,City,MA,Massachusetts,New England,Northeast,3,"Cities from 50,000 thru 99,999",30-JUN-20,1.0,0.0,1,0.0,1.0,White,Not Hispanic or Latino,1,Destruction/Damage/Vandalism of Property,1.0,Residence/Home,Anti-Asian,Individual,S,S,7029917,507934,0.07225320014,13,0.0025593876369764575,0.0001849239471817377
135,1327341,2020,MA0071300,Monson,City,MA,Massachusetts,New England,Northeast,6,"Cities from 2,500 thru 9,999",03-APR-20,1.0,0.0,0,,,Unknown,Unknown,1,Intimidation,1.0,Other/Unknown,Anti-Asian,Individual,S,S,7029917,507934,0.07225320014,13,0.0025593876369764575,0.0001849239471817377
136,1122916,2020,MA0081500,South Hadley,City,MA,Massachusetts,New England,Northeast,5,"Cities from 10,000 thru 24,999",04-APR-20,0.0,0.0,0,,,Unknown,Unknown,1,Destruction/Damage/Vandalism of Property,0.0,Park/Playground,Anti-Asian,Business,S,S,7029917,507934,0.07225320014,13,0.0025593876369764575,0.0001849239471817377
137,1122856,2020,MA0090200,Arlington,City,MA,Massachusetts,New England,Northeast,4,"Cities from 25,000 thru 49,999",05-APR-20,0.0,1.0,0,,,Unknown,Unknown,1,Simple Assault,1.0,Other/Unknown,Anti-Asian,Individual,S,S,7029917,507934,0.07225320014,13,0.0025593876369764575,0.0001849239471817377
138,1353918,2020,MA0091100,Cambridge,City,MA,Massachusetts,New England,Northeast,2,"Cities from 100,000 thru 249,999",22-JUL-20,1.0,0.0,1,1.0,0.0,White,Unknown,1,Intimidation,1.0,Residence/Home,Anti-Asian,Individual,S,S,7029917,507934,0.07225320014,13,0.0025593876369764575,0.0001849239471817377
139,1354013,2020,MA0093000,Medford,City,MA,Massachusetts,New England,Northeast,3,"Cities from 50,000 thru 99,999",11-AUG-20,2.0,0.0,1,1.0,0.0,White,Unknown,2,Destruction/Damage/Vandalism of Property,2.0,Highway/Road/Alley/Street/Sidewalk,Anti-Asian,Individual,S,S,7029917,507934,0.07225320014,13,0.0025593876369764575,0.0001849239471817377
140,1122897,2020,MA0093300,Newton,City,MA,Massachusetts,New England,Northeast,3,"Cities from 50,000 thru 99,999",25-MAY-20,0.0,0.0,0,,,Unknown,Unknown,1,Destruction/Damage/Vandalism of Property,0.0,Residence/Home,Anti-Asian,Business,S,S,7029917,507934,0.07225320014,13,0.0025593876369764575,0.0001849239471817377
141,1301876,2020,MA0120300,Brockton,City,MA,Massachusetts,New England,Northeast,3,"Cities from 50,000 thru 99,999",11-AUG-20,0.0,0.0,1,1.0,0.0,White,Not Hispanic or Latino,1,Destruction/Damage/Vandalism of Property,0.0,Drug Store/Doctor's Office/Hospital,Anti-Asian,Business,S,S,7029917,507934,0.07225320014,13,0.0025593876369764575,0.0001849239471817377
142,1206583,2020,MA013309E,Boston University,University or College,MA,Massachusetts,New England,Northeast,7,"Cities under 2,500",05-SEP-20,2.0,0.0,4,3.0,1.0,White,Not Hispanic or Latino,2,Simple Assault,2.0,School-College/University,Anti-Asian,Individual,S,S,7029917,507934,0.07225320014,13,0.0025593876369764575,0.0001849239471817377
143,1327425,2020,MA0141500,Fitchburg,City,MA,Massachusetts,New England,Northeast,4,"Cities from 25,000 thru 49,999",09-NOV-20,1.0,0.0,0,,,Unknown,Unknown,1,Simple Assault,1.0,Residence/Home,Anti-Asian,Individual,S,S,7029917,507934,0.07225320014,13,0.0025593876369764575,0.0001849239471817377
144,1327392,2020,MA0142500,Leominster,City,MA,Massachusetts,New England,Northeast,4,"Cities from 25,000 thru 49,999",05-FEB-20,1.0,0.0,1,1.0,0.0,White,Not Hispanic or Latino,1,Aggravated Assault,1.0,Residence/Home,Anti-Asian,Individual,S,S,7029917,507934,0.07225320014,13,0.0025593876369764575,0.0001849239471817377
145,1341624,2020,MD0160400,Montgomery County Police Department,County,MD,Maryland,South Atlantic,South,9A,"MSA counties 100,000 or over",03-SEP-20,1.0,0.0,1,1.0,0.0,Black or African American,Unknown,1,Simple Assault,1.0,Highway/Road/Alley/Street/Sidewalk,Anti-Asian,Law Enforcement Officer,S,S,6177224,420944,0.06814452576,1,0.00023756129081302978,1.61885015016454e-05
146,1248571,2020,ME0030100,Brunswick,City,ME,Maine,New England,Northeast,5,"Cities from 10,000 thru 24,999",02-SEP-20,0.0,0.0,2,2.0,0.0,White,Unknown,1,Drug/Narcotic Violations,0.0,Hotel/Motel/Etc.,Anti-Asian,Society/Public,S,S,1362359,16798,0.01233008333,3,0.017859268960590546,0.00022020627455758725
147,1330609,2020,ME0060100,Augusta,City,ME,Maine,New England,Northeast,5,"Cities from 10,000 thru 24,999",29-APR-20,0.0,0.0,1,1.0,0.0,White,Unknown,1,Destruction/Damage/Vandalism of Property,0.0,Restaurant,Anti-Asian,Business,S,S,1362359,16798,0.01233008333,3,0.017859268960590546,0.00022020627455758725
148,1318138,2020,ME0130200,Skowhegan,City,ME,Maine,New England,Northeast,6,"Cities from 2,500 thru 9,999",08-JUN-20,1.0,0.0,0,,,Unknown,Unknown,1,Simple Assault,1.0,Department/Discount Store,Anti-Asian,Individual,S,S,1362359,16798,0.01233008333,3,0.017859268960590546,0.00022020627455758725
149,889420,2020,MI2589700,Genesee County Parks and Recreation,Other,MI,Michigan,East North Central,Midwest,9D,"MSA counties under 10,000",19-MAR-20,0.0,0.0,0,,,Unknown,Unknown,1,All Other Larceny,0.0,Government/Public Building,Anti-Asian,Government,S,S,10077331,334300,0.03317346627,2,0.0005982650314089142,1.984652483876931e-05
150,1318043,2020,MI3351900,Lansing,City,MI,Michigan,East North Central,Midwest,2,"Cities from 100,000 thru 249,999",19-MAR-20,0.0,0.0,0,,,Unknown,Unknown,1,Destruction/Damage/Vandalism of Property,0.0,Restaurant,Anti-Asian,Business,S,S,10077331,334300,0.03317346627,2,0.0005982650314089142,1.984652483876931e-05
151,1346089,2020,MN0271100,Minneapolis,City,MN,Minnesota,West North Central,Midwest,1C,"Cities from 250,000 thru 499,999",03-JUL-20,1.0,0.0,0,,,Unknown,Unknown,1,Destruction/Damage/Vandalism of Property,1.0,Highway/Road/Alley/Street/Sidewalk,Anti-Asian,Individual,S,S,5706494,299190,0.05242974057,9,0.0030081219292088643,0.000157715052359645
152,1346126,2020,MN0271100,Minneapolis,City,MN,Minnesota,West North Central,Midwest,1C,"Cities from 250,000 thru 499,999",11-NOV-20,1.0,0.0,0,,,Unknown,Unknown,1,Destruction/Damage/Vandalism of Property,1.0,Parking/Drop Lot/Garage,Anti-Asian,Individual,S,S,5706494,299190,0.05242974057,9,0.0030081219292088643,0.000157715052359645
153,1338178,2020,MN0272400,University of Minnesota:,University or College,MN,Minnesota,West North Central,Midwest,7,"Cities under 2,500",27-MAR-20,1.0,0.0,1,1.0,0.0,Unknown,Hispanic or Latino,1,Simple Assault,1.0,Parking/Drop Lot/Garage,Anti-Asian,Individual,S,S,5706494,299190,0.05242974057,9,0.0030081219292088643,0.000157715052359645
154,1346081,2020,MN0272700,Maple Grove,City,MN,Minnesota,West North Central,Midwest,3,"Cities from 50,000 thru 99,999",14-OCT-20,1.0,0.0,0,,,Unknown,Unknown,1,Destruction/Damage/Vandalism of Property,1.0,Residence/Home,Anti-Asian,Individual,S,S,5706494,299190,0.05242974057,9,0.0030081219292088643,0.000157715052359645
155,1225215,2020,MN0620000,Ramsey,County,MN,Minnesota,West North Central,Midwest,9B,"MSA counties from 25,000 thru 99,999",15-JUL-20,1.0,0.0,1,1.0,0.0,White,Unknown,1,Aggravated Assault,1.0,Park/Playground,Anti-Asian,Individual,S,S,5706494,299190,0.05242974057,9,0.0030081219292088643,0.000157715052359645
156,993234,2020,MN0620900,St. Paul,City,MN,Minnesota,West North Central,Midwest,1C,"Cities from 250,000 thru 499,999",18-APR-20,2.0,,1,0.0,1.0,Unknown,Unknown,2,Aggravated Assault,2.0,Highway/Road/Alley/Street/Sidewalk,Anti-Asian,Individual,S,S,5706494,299190,0.05242974057,9,0.0030081219292088643,0.000157715052359645
157,993240,2020,MN0620900,St. Paul,City,MN,Minnesota,West North Central,Midwest,1C,"Cities from 250,000 thru 499,999",21-MAY-20,1.0,,1,1.0,0.0,Unknown,Not Hispanic or Latino,1,Simple Assault,1.0,Grocery/Supermarket,Anti-Asian,Individual,S,S,5706494,299190,0.05242974057,9,0.0030081219292088643,0.000157715052359645
158,1290775,2020,MN0700600,Savage,City,MN,Minnesota,West North Central,Midwest,4,"Cities from 25,000 thru 49,999",25-AUG-20,1.0,0.0,1,1.0,0.0,White,Unknown,2,Destruction/Damage/Vandalism of Property;Weapon Law Violations,1.0,Parking/Drop Lot/Garage,Anti-Asian,Individual;Society/Public,M,S,5706494,299190,0.05242974057,9,0.0030081219292088643,0.000157715052359645
159,993988,2020,MN0821100,Woodbury,City,MN,Minnesota,West North Central,Midwest,3,"Cities from 50,000 thru 99,999",26-MAR-20,2.0,,1,0.0,1.0,Unknown,Unknown,2,Intimidation,2.0,Residence/Home,Anti-Asian,Individual,S,S,5706494,299190,0.05242974057,9,0.0030081219292088643,0.000157715052359645
160,1257302,2020,MO0390800,Strafford,City,MO,Missouri,West North Central,Midwest,7,"Cities under 2,500",28-OCT-20,1.0,0.0,1,1.0,0.0,White,Not Hispanic or Latino,1,Intimidation,1.0,Convenience Store,Anti-Asian,Individual,S,S,6154913,133377,0.02167000573,2,0.0014995089108317027,3.2494366695353774e-05
161,1339671,2020,MO0951900,Creve Coeur,City,MO,Missouri,West North Central,Midwest,5,"Cities from 10,000 thru 24,999",03-APR-20,2.0,0.0,0,,,Unknown,Unknown,2,Intimidation,2.0,Residence/Home,Anti-Asian,Individual,S,S,6154913,133377,0.02167000573,2,0.0014995089108317027,3.2494366695353774e-05
162,1321135,2020,MS0040100,Kosciusko,City,MS,Mississippi,East South Central,South,6,"Cities from 2,500 thru 9,999",17-OCT-20,1.0,0.0,1,1.0,0.0,White,Unknown,1,Simple Assault,1.0,Restaurant,Anti-Asian,Individual,S,S,2961279,32709,0.01104556511,2,0.00611452505426641,6.75383845966557e-05
163,1331932,2020,MS0530100,Starkville,City,MS,Mississippi,East South Central,South,4,"Cities from 25,000 thru 49,999",29-JUN-20,1.0,0.0,2,0.0,2.0,Black or African American,Unknown,1,Burglary/Breaking & Entering,1.0,Parking/Drop Lot/Garage,Anti-Asian,Individual,S,S,2961279,32709,0.01104556511,2,0.00611452505426641,6.75383845966557e-05
164,1159628,2020,NB0270100,Fremont,City,NB,Nebraska,West North Central,Midwest,4,"Cities from 25,000 thru 49,999",31-MAY-20,0.0,0.0,0,,,Unknown,Unknown,1,Destruction/Damage/Vandalism of Property,0.0,Park/Playground,Anti-Asian,Government,S,S,1961504,52951,0.02699510172,3,0.005665615380257219,0.0001529438634843467
165,909386,2020,NB0550100,Lincoln,City,NB,Nebraska,West North Central,Midwest,1C,"Cities from 250,000 thru 499,999",07-JUN-20,,,4,4.0,0.0,White,,100,Destruction/Damage/Vandalism of Property,1.0,Government/Public Building,Anti-Asian,Individual,S,S,1961504,52951,0.02699510172,3,0.005665615380257219,0.0001529438634843467
166,1236562,2020,NB0550100,Lincoln,City,NB,Nebraska,West North Central,Midwest,1C,"Cities from 250,000 thru 499,999",08-NOV-20,1.0,0.0,0,,,Unknown,Unknown,1,Intimidation,1.0,Residence/Home,Anti-Asian,Individual,S,S,1961504,52951,0.02699510172,3,0.005665615380257219,0.0001529438634843467
167,1326459,2020,NC0770000,Richmond,County,NC,North Carolina,South Atlantic,South,8B,"Non-MSA counties from 25,000 thru 99,999",21-AUG-20,1.0,0.0,1,1.0,0.0,White,Not Hispanic or Latino,1,Intimidation,1.0,Residence/Home,Anti-Asian,Individual,S,S,10439388,343051,0.03286121753,2,0.0005830036933283972,1.9158211190157893e-05
168,1326562,2020,NC0921300,Morrisville,City,NC,North Carolina,South Atlantic,South,4,"Cities from 25,000 thru 49,999",18-APR-20,1.0,0.0,1,1.0,0.0,White,Not Hispanic or Latino,1,Simple Assault,1.0,Residence/Home,Anti-Asian,Individual,S,S,10439388,343051,0.03286121753,2,0.0005830036933283972,1.9158211190157893e-05
169,1282604,2020,NH0086400,Salem,City,NH,New Hampshire,New England,Northeast,4,"Cities from 25,000 thru 49,999",23-APR-20,1.0,0.0,0,,,Unknown,Unknown,1,Destruction/Damage/Vandalism of Property,1.0,Residence/Home,Anti-Asian,Individual,S,S,1377529,35871,0.02604010514,2,0.005575534554375401,0.0001451875060343557
170,1282610,2020,NH0086400,Salem,City,NH,New Hampshire,New England,Northeast,4,"Cities from 25,000 thru 49,999",18-NOV-20,2.0,0.0,0,,,Unknown,Unknown,2,Burglary/Breaking & Entering,2.0,Residence/Home,Anti-Asian,Individual,S,S,1377529,35871,0.02604010514,2,0.005575534554375401,0.0001451875060343557
171,1236161,2020,NJ0021200,East Rutherford,City,NJ,New Jersey,Middle Atlantic,Northeast,6,"Cities from 2,500 thru 9,999",19-OCT-20,1.0,,0,0.0,0.0,Unknown,Unknown,1,Intimidation,1.0,Park/Playground,Anti-Asian,Individual,S,S,9288994,950090,0.1022812589,50,0.005262659327011125,0.0005382714209956427
172,710085,2020,NJ0021500,Englewood,City,NJ,New Jersey,Middle Atlantic,Northeast,4,"Cities from 25,000 thru 49,999",30-JAN-20,1.0,,0,0.0,0.0,Unknown,Unknown,1,Intimidation,1.0,Drug Store/Doctor's Office/Hospital,Anti-Asian,Individual,S,S,9288994,950090,0.1022812589,50,0.005262659327011125,0.0005382714209956427
173,1236170,2020,NJ0021900,Fort Lee,City,NJ,New Jersey,Middle Atlantic,Northeast,4,"Cities from 25,000 thru 49,999",24-OCT-20,1.0,,1,1.0,0.0,White,Unknown,1,Intimidation,1.0,Parking/Drop Lot/Garage,Anti-Asian,Individual,S,S,9288994,950090,0.1022812589,50,0.005262659327011125,0.0005382714209956427
174,1236171,2020,NJ0021900,Fort Lee,City,NJ,New Jersey,Middle Atlantic,Northeast,4,"Cities from 25,000 thru 49,999",07-NOV-20,1.0,,1,1.0,0.0,Unknown,Unknown,1,Intimidation,1.0,Residence/Home,Anti-Asian,Individual,S,S,9288994,950090,0.1022812589,50,0.005262659327011125,0.0005382714209956427
175,916904,2020,NJ0022300,Hackensack,City,NJ,New Jersey,Middle Atlantic,Northeast,4,"Cities from 25,000 thru 49,999",23-JUN-20,1.0,,0,0.0,0.0,Unknown,Unknown,1,Intimidation,1.0,Restaurant,Anti-Asian,Individual,S,S,9288994,950090,0.1022812589,50,0.005262659327011125,0.0005382714209956427
176,1236284,2020,NJ0022500,Hasbrouck Heights,City,NJ,New Jersey,Middle Atlantic,Northeast,5,"Cities from 10,000 thru 24,999",28-OCT-20,1.0,,0,0.0,0.0,Unknown,Unknown,1,Intimidation,1.0,Residence/Home,Anti-Asian,Individual,S,S,9288994,950090,0.1022812589,50,0.005262659327011125,0.0005382714209956427
177,1304493,2020,NJ0022500,Hasbrouck Heights,City,NJ,New Jersey,Middle Atlantic,Northeast,5,"Cities from 10,000 thru 24,999",30-JUN-20,1.0,,1,1.0,0.0,White,Unknown,1,Intimidation,1.0,Residence/Home,Anti-Asian,Individual,S,S,9288994,950090,0.1022812589,50,0.005262659327011125,0.0005382714209956427
178,1304494,2020,NJ0022500,Hasbrouck Heights,City,NJ,New Jersey,Middle Atlantic,Northeast,5,"Cities from 10,000 thru 24,999",10-DEC-20,1.0,,0,0.0,0.0,Unknown,Unknown,1,Intimidation,1.0,Residence/Home,Anti-Asian,Individual,S,S,9288994,950090,0.1022812589,50,0.005262659327011125,0.0005382714209956427
179,1304497,2020,NJ0025100,Ridgewood,City,NJ,New Jersey,Middle Atlantic,Northeast,4,"Cities from 25,000 thru 49,999",19-DEC-20,,1.0,2,0.0,2.0,White,Unknown,1,Intimidation,1.0,Other/Unknown,Anti-Asian,Individual,S,S,9288994,950090,0.1022812589,50,0.005262659327011125,0.0005382714209956427
180,916920,2020,NJ0025800,Saddle River,City,NJ,New Jersey,Middle Atlantic,Northeast,6,"Cities from 2,500 thru 9,999",20-MAY-20,1.0,,0,0.0,0.0,Unknown,Unknown,1,Intimidation,1.0,Residence/Home,Anti-Asian,Individual,S,S,9288994,950090,0.1022812589,50,0.005262659327011125,0.0005382714209956427
181,916925,2020,NJ0027000,Wyckoff Township,City,NJ,New Jersey,Middle Atlantic,Northeast,5,"Cities from 10,000 thru 24,999",17-JUN-20,,,0,0.0,0.0,Unknown,Unknown,1,Destruction/Damage/Vandalism of Property,,Restaurant,Anti-Asian,Business,S,S,9288994,950090,0.1022812589,50,0.005262659327011125,0.0005382714209956427
182,1088531,2020,NJ0032000,Maple Shade Township,City,NJ,New Jersey,Middle Atlantic,Northeast,5,"Cities from 10,000 thru 24,999",25-SEP-20,1.0,,1,1.0,0.0,White,Unknown,1,Simple Assault,1.0,Highway/Road/Alley/Street/Sidewalk,Anti-Asian,Individual,S,S,9288994,950090,0.1022812589,50,0.005262659327011125,0.0005382714209956427
183,916952,2020,NJ0041200,Cherry Hill Township,City,NJ,New Jersey,Middle Atlantic,Northeast,3,"Cities from 50,000 thru 99,999",12-MAY-20,1.0,,1,1.0,0.0,White,Unknown,1,Intimidation,1.0,Highway/Road/Alley/Street/Sidewalk,Anti-Asian,Individual,S,S,9288994,950090,0.1022812589,50,0.005262659327011125,0.0005382714209956427
184,1236214,2020,NJ0041500,Gloucester Township,City,NJ,New Jersey,Middle Atlantic,Northeast,3,"Cities from 50,000 thru 99,999",04-DEC-20,1.0,,1,1.0,0.0,White,Unknown,1,Intimidation,1.0,Residence/Home,Anti-Asian,Individual,S,S,9288994,950090,0.1022812589,50,0.005262659327011125,0.0005382714209956427
185,710204,2020,NJ0071300,Montclair,City,NJ,New Jersey,Middle Atlantic,Northeast,4,"Cities from 25,000 thru 49,999",31-JAN-20,1.0,,0,0.0,0.0,Unknown,Unknown,1,Intimidation,1.0,Highway/Road/Alley/Street/Sidewalk,Anti-Asian,Individual,S,S,9288994,950090,0.1022812589,50,0.005262659327011125,0.0005382714209956427
186,1346630,2020,NJ0082200,Woodbury,City,NJ,New Jersey,Middle Atlantic,Northeast,6,"Cities from 2,500 thru 9,999",30-JUN-20,1.0,,1,1.0,0.0,Unknown,Unknown,1,Intimidation,1.0,Rest Area,Anti-Asian,Individual,S,S,9288994,950090,0.1022812589,50,0.005262659327011125,0.0005382714209956427
187,917012,2020,NJ0090100,Bayonne,City,NJ,New Jersey,Middle Atlantic,Northeast,3,"Cities from 50,000 thru 99,999",21-APR-20,1.0,,0,0.0,0.0,Unknown,Unknown,1,Simple Assault,1.0,Convenience Store,Anti-Asian,Individual,S,S,9288994,950090,0.1022812589,50,0.005262659327011125,0.0005382714209956427
188,917015,2020,NJ0090500,Hoboken,City,NJ,New Jersey,Middle Atlantic,Northeast,3,"Cities from 50,000 thru 99,999",01-MAY-20,,,0,0.0,0.0,Unknown,Unknown,1,Destruction/Damage/Vandalism of Property,,Highway/Road/Alley/Street/Sidewalk,Anti-Asian,Other,S,S,9288994,950090,0.1022812589,50,0.005262659327011125,0.0005382714209956427
189,1088612,2020,NJ0090600,Jersey City,City,NJ,New Jersey,Middle Atlantic,Northeast,1C,"Cities from 250,000 thru 499,999",11-SEP-20,1.0,,0,0.0,0.0,Unknown,Unknown,1,Simple Assault,1.0,Highway/Road/Alley/Street/Sidewalk,Anti-Asian,Individual,S,S,9288994,950090,0.1022812589,50,0.005262659327011125,0.0005382714209956427
190,1236349,2020,NJ0110300,"Hamilton Township, Mercer County",City,NJ,New Jersey,Middle Atlantic,Northeast,3,"Cities from 50,000 thru 99,999",02-NOV-20,2.0,,1,1.0,0.0,Black or African American,Unknown,1,Intimidation,2.0,Bar/Nightclub,Anti-Asian,Individual,S,S,9288994,950090,0.1022812589,50,0.005262659327011125,0.0005382714209956427
191,1088648,2020,NJ0110700,"Lawrence Township, Mercer County",City,NJ,New Jersey,Middle Atlantic,Northeast,4,"Cities from 25,000 thru 49,999",17-SEP-20,4.0,,1,1.0,0.0,Asian,Unknown,1,Intimidation,4.0,Highway/Road/Alley/Street/Sidewalk,Anti-Asian,Individual,S,S,9288994,950090,0.1022812589,50,0.005262659327011125,0.0005382714209956427
192,1304598,2020,NJ0115000,Princeton University,University or College,NJ,New Jersey,Middle Atlantic,Northeast,7,"Cities under 2,500",04-AUG-20,1.0,,0,0.0,0.0,Unknown,Unknown,1,Intimidation,1.0,Other/Unknown,Anti-Asian,Individual,S,S,9288994,950090,0.1022812589,50,0.005262659327011125,0.0005382714209956427
193,917041,2020,NJ0120500,Edison Township,City,NJ,New Jersey,Middle Atlantic,Northeast,3,"Cities from 50,000 thru 99,999",04-APR-20,1.0,,0,0.0,0.0,Unknown,Unknown,1,Simple Assault,1.0,Park/Playground,Anti-Asian,Individual,S,S,9288994,950090,0.1022812589,50,0.005262659327011125,0.0005382714209956427
194,1304610,2020,NJ0120500,Edison Township,City,NJ,New Jersey,Middle Atlantic,Northeast,3,"Cities from 50,000 thru 99,999",14-MAY-20,1.0,,0,0.0,0.0,Unknown,Unknown,1,Aggravated Assault,1.0,Highway/Road/Alley/Street/Sidewalk,Anti-Asian,Individual,S,S,9288994,950090,0.1022812589,50,0.005262659327011125,0.0005382714209956427
195,917046,2020,NJ0121300,"Monroe Township, Middlesex County",City,NJ,New Jersey,Middle Atlantic,Northeast,4,"Cities from 25,000 thru 49,999",01-JUN-20,1.0,,0,0.0,0.0,Unknown,Unknown,1,Intimidation,1.0,Convenience Store,Anti-Asian,Individual,S,S,9288994,950090,0.1022812589,50,0.005262659327011125,0.0005382714209956427
196,1088670,2020,NJ0121300,"Monroe Township, Middlesex County",City,NJ,New Jersey,Middle Atlantic,Northeast,4,"Cities from 25,000 thru 49,999",01-AUG-20,1.0,,0,0.0,0.0,Unknown,Unknown,1,Intimidation,1.0,Residence/Home,Anti-Asian,Individual,S,S,9288994,950090,0.1022812589,50,0.005262659327011125,0.0005382714209956427
197,1236258,2020,NJ0121700,Piscataway Township,City,NJ,New Jersey,Middle Atlantic,Northeast,3,"Cities from 50,000 thru 99,999",12-NOV-20,1.0,,0,0.0,0.0,Unknown,Unknown,1,Intimidation,1.0,Other/Unknown,Anti-Asian,Individual,S,S,9288994,950090,0.1022812589,50,0.005262659327011125,0.0005382714209956427
198,710140,2020,NJ0121800,Plainsboro Township,City,NJ,New Jersey,Middle Atlantic,Northeast,5,"Cities from 10,000 thru 24,999",27-JAN-20,,1.0,1,0.0,1.0,White,Unknown,1,Intimidation,1.0,School-Elementary/Secondary,Anti-Asian,Individual,S,S,9288994,950090,0.1022812589,50,0.005262659327011125,0.0005382714209956427
199,1236263,2020,NJ0122100,South Brunswick Township,City,NJ,New Jersey,Middle Atlantic,Northeast,4,"Cities from 25,000 thru 49,999",04-OCT-20,1.0,,0,0.0,0.0,Unknown,Unknown,1,Intimidation,1.0,Other/Unknown,Anti-Asian,Individual,S,S,9288994,950090,0.1022812589,50,0.005262659327011125,0.0005382714209956427
200,917056,2020,NJ0122200,South Plainfield,City,NJ,New Jersey,Middle Atlantic,Northeast,5,"Cities from 10,000 thru 24,999",12-FEB-20,1.0,,0,0.0,0.0,Unknown,Unknown,1,Intimidation,1.0,School-Elementary/Secondary,Anti-Asian,Individual,S,S,9288994,950090,0.1022812589,50,0.005262659327011125,0.0005382714209956427
201,917150,2020,NJ0122200,South Plainfield,City,NJ,New Jersey,Middle Atlantic,Northeast,5,"Cities from 10,000 thru 24,999",09-MAY-20,,1.0,1,0.0,1.0,White,Unknown,1,Intimidation,1.0,Department/Discount Store,Anti-Asian,Individual,S,S,9288994,950090,0.1022812589,50,0.005262659327011125,0.0005382714209956427
202,1088700,2020,NJ0131100,Eatontown,City,NJ,New Jersey,Middle Atlantic,Northeast,5,"Cities from 10,000 thru 24,999",05-AUG-20,2.0,,0,0.0,0.0,Unknown,Unknown,1,Intimidation,2.0,Residence/Home,Anti-Asian,Individual,S,S,9288994,950090,0.1022812589,50,0.005262659327011125,0.0005382714209956427
203,917158,2020,NJ0131800,Holmdel Township,City,NJ,New Jersey,Middle Atlantic,Northeast,5,"Cities from 10,000 thru 24,999",24-MAY-20,,,0,0.0,0.0,Unknown,Unknown,1,Destruction/Damage/Vandalism of Property,,Park/Playground,Anti-Asian,Unknown,S,S,9288994,950090,0.1022812589,50,0.005262659327011125,0.0005382714209956427
204,917162,2020,NJ0131900,Howell Township,City,NJ,New Jersey,Middle Atlantic,Northeast,3,"Cities from 50,000 thru 99,999",01-APR-20,1.0,,1,1.0,0.0,White,Unknown,1,Intimidation,1.0,Highway/Road/Alley/Street/Sidewalk,Anti-Asian,Individual,S,S,9288994,950090,0.1022812589,50,0.005262659327011125,0.0005382714209956427
205,1088717,2020,NJ0131900,Howell Township,City,NJ,New Jersey,Middle Atlantic,Northeast,3,"Cities from 50,000 thru 99,999",07-AUG-20,1.0,,1,1.0,0.0,White,Unknown,1,Intimidation,1.0,Residence/Home,Anti-Asian,Individual,S,S,9288994,950090,0.1022812589,50,0.005262659327011125,0.0005382714209956427
206,1236387,2020,NJ0132800,Marlboro Township,City,NJ,New Jersey,Middle Atlantic,Northeast,4,"Cities from 25,000 thru 49,999",11-OCT-20,1.0,,0,0.0,0.0,Unknown,Unknown,1,Intimidation,1.0,Highway/Road/Alley/Street/Sidewalk,Anti-Asian,Individual,S,S,9288994,950090,0.1022812589,50,0.005262659327011125,0.0005382714209956427
207,917280,2020,NJ0133700,"Ocean Township, Monmouth County",City,NJ,New Jersey,Middle Atlantic,Northeast,4,"Cities from 25,000 thru 49,999",29-JUN-20,1.0,,0,0.0,0.0,Unknown,Unknown,1,Intimidation,1.0,Hotel/Motel/Etc.,Anti-Asian,Individual,S,S,9288994,950090,0.1022812589,50,0.005262659327011125,0.0005382714209956427
208,1304653,2020,NJ0141000,East Hanover Township,City,NJ,New Jersey,Middle Atlantic,Northeast,5,"Cities from 10,000 thru 24,999",02-OCT-20,,1.0,0,0.0,0.0,Unknown,Unknown,1,Intimidation,1.0,Other/Unknown,Anti-Asian,Individual,S,S,9288994,950090,0.1022812589,50,0.005262659327011125,0.0005382714209956427
209,917285,2020,NJ0141200,Hanover Township,City,NJ,New Jersey,Middle Atlantic,Northeast,5,"Cities from 10,000 thru 24,999",24-MAR-20,1.0,,0,0.0,0.0,Unknown,Unknown,1,Intimidation,1.0,Other/Unknown,Anti-Asian,Individual,S,S,9288994,950090,0.1022812589,50,0.005262659327011125,0.0005382714209956427
210,1088810,2020,NJ0160200,Clifton,City,NJ,New Jersey,Middle Atlantic,Northeast,3,"Cities from 50,000 thru 99,999",26-AUG-20,1.0,,2,2.0,0.0,White,Unknown,1,Intimidation,1.0,Department/Discount Store,Anti-Asian,Individual,S,S,9288994,950090,0.1022812589,50,0.005262659327011125,0.0005382714209956427
211,710300,2020,NJ0160900,Pompton Lakes,City,NJ,New Jersey,Middle Atlantic,Northeast,5,"Cities from 10,000 thru 24,999",11-MAR-20,,1.0,0,0.0,0.0,Unknown,Unknown,1,Intimidation,1.0,School-Elementary/Secondary,Anti-Asian,Individual,S,S,9288994,950090,0.1022812589,50,0.005262659327011125,0.0005382714209956427
212,1088813,2020,NJ0180000,Somerset,County,NJ,New Jersey,Middle Atlantic,Northeast,9D,"MSA counties under 10,000",29-SEP-20,1.0,,0,0.0,0.0,Unknown,Unknown,1,Intimidation,1.0,Other/Unknown,Anti-Asian,Individual,S,S,9288994,950090,0.1022812589,50,0.005262659327011125,0.0005382714209956427
213,917237,2020,NJ0181300,Montgomery Township,City,NJ,New Jersey,Middle Atlantic,Northeast,5,"Cities from 10,000 thru 24,999",10-MAR-20,1.0,,1,1.0,0.0,White,Unknown,1,Intimidation,1.0,Highway/Road/Alley/Street/Sidewalk,Anti-Asian,Individual,S,S,9288994,950090,0.1022812589,50,0.005262659327011125,0.0005382714209956427
214,710249,2020,NJ0181400,North Plainfield,City,NJ,New Jersey,Middle Atlantic,Northeast,5,"Cities from 10,000 thru 24,999",02-FEB-20,1.0,,1,1.0,0.0,Unknown,Unknown,1,Intimidation,1.0,Grocery/Supermarket,Anti-Asian,Individual,S,S,9288994,950090,0.1022812589,50,0.005262659327011125,0.0005382714209956427
215,917327,2020,NJ0181600,Raritan,City,NJ,New Jersey,Middle Atlantic,Northeast,6,"Cities from 2,500 thru 9,999",27-MAR-20,1.0,,0,0.0,0.0,Unknown,Unknown,1,Intimidation,1.0,Convenience Store,Anti-Asian,Individual,S,S,9288994,950090,0.1022812589,50,0.005262659327011125,0.0005382714209956427
216,1088836,2020,NJ0181600,Raritan,City,NJ,New Jersey,Middle Atlantic,Northeast,6,"Cities from 2,500 thru 9,999",18-JUL-20,1.0,,0,0.0,0.0,Unknown,Unknown,1,Intimidation,1.0,Highway/Road/Alley/Street/Sidewalk,Anti-Asian,Individual,S,S,9288994,950090,0.1022812589,50,0.005262659327011125,0.0005382714209956427
217,1236526,2020,NJ0191500,Newton,City,NJ,New Jersey,Middle Atlantic,Northeast,6,"Cities from 2,500 thru 9,999",12-DEC-20,1.0,,1,1.0,0.0,White,Unknown,1,Intimidation,1.0,Drug Store/Doctor's Office/Hospital,Anti-Asian,Individual,S,S,9288994,950090,0.1022812589,50,0.005262659327011125,0.0005382714209956427
218,917333,2020,NJ0200300,Cranford Township,City,NJ,New Jersey,Middle Atlantic,Northeast,5,"Cities from 10,000 thru 24,999",01-APR-20,2.0,,0,0.0,0.0,Unknown,Unknown,1,Intimidation,2.0,Residence/Home,Anti-Asian,Individual,S,S,9288994,950090,0.1022812589,50,0.005262659327011125,0.0005382714209956427
219,917263,2020,NJ0202000,Westfield,City,NJ,New Jersey,Middle Atlantic,Northeast,4,"Cities from 25,000 thru 49,999",14-JUN-20,1.0,,0,0.0,0.0,Unknown,Unknown,1,Intimidation,1.0,Highway/Road/Alley/Street/Sidewalk,Anti-Asian,Individual,S,S,9288994,950090,0.1022812589,50,0.005262659327011125,0.0005382714209956427
220,1088867,2020,NJ0202400,Kean University,University or College,NJ,New Jersey,Middle Atlantic,Northeast,7,"Cities under 2,500",10-SEP-20,1.0,,0,0.0,0.0,Unknown,Unknown,1,Intimidation,1.0,School-College/University,Anti-Asian,Individual,S,S,9288994,950090,0.1022812589,50,0.005262659327011125,0.0005382714209956427
221,1319535,2020,NV0020100,Las Vegas Metropolitan Police Department,City,NV,Nevada,Mountain,West,1A,"Cities 1,000,000 or over",25-OCT-20,1.0,0.0,1,1.0,0.0,Black or African American,Not Hispanic or Latino,1,Simple Assault,1.0,Highway/Road/Alley/Street/Sidewalk,Anti-Asian,Individual,S,S,3104614,272703,0.08783797277,7,0.002566895120332376,0.00022547086368869047
222,1343249,2020,NV0020200,North Las Vegas,City,NV,Nevada,Mountain,West,1C,"Cities from 250,000 thru 499,999",09-OCT-20,1.0,0.0,0,,,Unknown,Unknown,1,Motor Vehicle Theft,1.0,Parking/Drop Lot/Garage,Anti-Asian,Individual,S,S,3104614,272703,0.08783797277,7,0.002566895120332376,0.00022547086368869047
223,1319074,2020,NV0160000,Washoe,County,NV,Nevada,Mountain,West,9A,"MSA counties 100,000 or over",16-NOV-20,0.0,0.0,1,1.0,0.0,Asian,Not Hispanic or Latino,1,Drug/Narcotic Violations,0.0,Jail/Prison/Penitentiary/Corrections Facility,Anti-Asian,Society/Public,S,S,3104614,272703,0.08783797277,7,0.002566895120332376,0.00022547086368869047
224,1319138,2020,NV0160100,Reno,City,NV,Nevada,Mountain,West,1C,"Cities from 250,000 thru 499,999",13-AUG-20,0.0,0.0,1,1.0,0.0,Asian,Not Hispanic or Latino,1,Drug/Narcotic Violations,0.0,Highway/Road/Alley/Street/Sidewalk,Anti-Asian,Society/Public,S,S,3104614,272703,0.08783797277,7,0.002566895120332376,0.00022547086368869047
225,1319149,2020,NV0160100,Reno,City,NV,Nevada,Mountain,West,1C,"Cities from 250,000 thru 499,999",05-JUL-20,1.0,0.0,1,1.0,0.0,White,Not Hispanic or Latino,1,Simple Assault,1.0,Residence/Home,Anti-Asian,Individual,S,S,3104614,272703,0.08783797277,7,0.002566895120332376,0.00022547086368869047
226,1319157,2020,NV0160100,Reno,City,NV,Nevada,Mountain,West,1C,"Cities from 250,000 thru 499,999",25-JAN-20,1.0,0.0,2,2.0,0.0,White,Not Hispanic or Latino,1,Simple Assault,1.0,Highway/Road/Alley/Street/Sidewalk,Anti-Asian,Law Enforcement Officer,S,S,3104614,272703,0.08783797277,7,0.002566895120332376,0.00022547086368869047
227,1319187,2020,NV0160100,Reno,City,NV,Nevada,Mountain,West,1C,"Cities from 250,000 thru 499,999",25-SEP-20,1.0,0.0,1,1.0,0.0,Black or African American,Not Hispanic or Latino,1,Simple Assault,1.0,Residence/Home,Anti-Asian,Individual,S,S,3104614,272703,0.08783797277,7,0.002566895120332376,0.00022547086368869047
228,895239,2020,NY0303000,New York,City,NY,New York,Middle Atlantic,Northeast,1A,"Cities 1,000,000 or over",10-MAR-20,,,1,,,Black or African American,,1,Destruction/Damage/Vandalism of Property,,Other/Unknown,Anti-Asian,Other,S,S,20201249,1933127,0.09569343955,30,0.001551889762028051,0.0001485056691296662
229,895240,2020,NY0303000,New York,City,NY,New York,Middle Atlantic,Northeast,1A,"Cities 1,000,000 or over",24-MAR-20,,,1,,,Black or African American,,1,Simple Assault,1.0,Other/Unknown,Anti-Asian,Individual,S,S,20201249,1933127,0.09569343955,30,0.001551889762028051,0.0001485056691296662
230,895246,2020,NY0303000,New York,City,NY,New York,Middle Atlantic,Northeast,1A,"Cities 1,000,000 or over",28-MAR-20,,,3,,,Multiple,,1,Aggravated Assault,1.0,Other/Unknown,Anti-Asian,Individual,S,S,20201249,1933127,0.09569343955,30,0.001551889762028051,0.0001485056691296662
231,895265,2020,NY0303000,New York,City,NY,New York,Middle Atlantic,Northeast,1A,"Cities 1,000,000 or over",12-MAR-20,,,1,,,White,,1,Destruction/Damage/Vandalism of Property,,Other/Unknown,Anti-Asian,Other,S,S,20201249,1933127,0.09569343955,30,0.001551889762028051,0.0001485056691296662
232,895277,2020,NY0303000,New York,City,NY,New York,Middle Atlantic,Northeast,1A,"Cities 1,000,000 or over",10-MAR-20,,,1,,,Black or African American,,1,Simple Assault,1.0,Other/Unknown,Anti-Asian,Individual,S,S,20201249,1933127,0.09569343955,30,0.001551889762028051,0.0001485056691296662
233,902579,2020,NY0303000,New York,City,NY,New York,Middle Atlantic,Northeast,1A,"Cities 1,000,000 or over",20-MAR-20,,,1,,,Black or African American,,1,Simple Assault,1.0,Other/Unknown,Anti-Asian,Individual,S,S,20201249,1933127,0.09569343955,30,0.001551889762028051,0.0001485056691296662
234,902586,2020,NY0303000,New York,City,NY,New York,Middle Atlantic,Northeast,1A,"Cities 1,000,000 or over",11-MAR-20,,,1,,,White,,1,Simple Assault,1.0,Other/Unknown,Anti-Asian,Individual,S,S,20201249,1933127,0.09569343955,30,0.001551889762028051,0.0001485056691296662
235,902594,2020,NY0303000,New York,City,NY,New York,Middle Atlantic,Northeast,1A,"Cities 1,000,000 or over",10-MAR-20,,,1,,,Black or African American,,1,Simple Assault,1.0,Other/Unknown,Anti-Asian,Individual,S,S,20201249,1933127,0.09569343955,30,0.001551889762028051,0.0001485056691296662
236,902598,2020,NY0303000,New York,City,NY,New York,Middle Atlantic,Northeast,1A,"Cities 1,000,000 or over",20-MAR-20,,,1,,,Black or African American,,1,Aggravated Assault,1.0,Other/Unknown,Anti-Asian,Individual,S,S,20201249,1933127,0.09569343955,30,0.001551889762028051,0.0001485056691296662
237,902611,2020,NY0303000,New York,City,NY,New York,Middle Atlantic,Northeast,1A,"Cities 1,000,000 or over",19-MAR-20,,,1,,,Black or African American,,1,Not Specified,,Other/Unknown,Anti-Asian,Other,S,S,20201249,1933127,0.09569343955,30,0.001551889762028051,0.0001485056691296662
238,902629,2020,NY0303000,New York,City,NY,New York,Middle Atlantic,Northeast,1A,"Cities 1,000,000 or over",16-MAR-20,,,1,,,White,,1,Destruction/Damage/Vandalism of Property,,Other/Unknown,Anti-Asian,Other,S,S,20201249,1933127,0.09569343955,30,0.001551889762028051,0.0001485056691296662
239,902655,2020,NY0303000,New York,City,NY,New York,Middle Atlantic,Northeast,1A,"Cities 1,000,000 or over",08-APR-20,,,1,,,Unknown,,1,Destruction/Damage/Vandalism of Property,,Residence/Home,Anti-Asian,Other,S,S,20201249,1933127,0.09569343955,30,0.001551889762028051,0.0001485056691296662
240,902659,2020,NY0303000,New York,City,NY,New York,Middle Atlantic,Northeast,1A,"Cities 1,000,000 or over",19-APR-20,,,1,,,Unknown,,1,Simple Assault,1.0,Residence/Home,Anti-Asian,Individual,S,S,20201249,1933127,0.09569343955,30,0.001551889762028051,0.0001485056691296662
241,902662,2020,NY0303000,New York,City,NY,New York,Middle Atlantic,Northeast,1A,"Cities 1,000,000 or over",21-APR-20,,,1,,,Unknown,,1,Destruction/Damage/Vandalism of Property,,Residence/Home,Anti-Asian,Other,S,S,20201249,1933127,0.09569343955,30,0.001551889762028051,0.0001485056691296662
242,902663,2020,NY0303000,New York,City,NY,New York,Middle Atlantic,Northeast,1A,"Cities 1,000,000 or over",21-APR-20,,,1,,,Black or African American,,1,Simple Assault,1.0,Other/Unknown,Anti-Asian,Individual,S,S,20201249,1933127,0.09569343955,30,0.001551889762028051,0.0001485056691296662
243,902665,2020,NY0303000,New York,City,NY,New York,Middle Atlantic,Northeast,1A,"Cities 1,000,000 or over",12-MAY-20,,,1,,,Unknown,,1,Simple Assault,1.0,Other/Unknown,Anti-Asian,Individual,S,S,20201249,1933127,0.09569343955,30,0.001551889762028051,0.0001485056691296662
244,902671,2020,NY0303000,New York,City,NY,New York,Middle Atlantic,Northeast,1A,"Cities 1,000,000 or over",26-APR-20,,,1,,,Unknown,,1,Destruction/Damage/Vandalism of Property,,Other/Unknown,Anti-Asian,Other,S,S,20201249,1933127,0.09569343955,30,0.001551889762028051,0.0001485056691296662
245,902682,2020,NY0303000,New York,City,NY,New York,Middle Atlantic,Northeast,1A,"Cities 1,000,000 or over",24-MAY-20,,,1,,,Black or African American,,1,Simple Assault,1.0,Other/Unknown,Anti-Asian,Individual,S,S,20201249,1933127,0.09569343955,30,0.001551889762028051,0.0001485056691296662
246,902683,2020,NY0303000,New York,City,NY,New York,Middle Atlantic,Northeast,1A,"Cities 1,000,000 or over",15-MAY-20,,,1,,,Unknown,,1,Simple Assault,1.0,Other/Unknown,Anti-Asian,Individual,S,S,20201249,1933127,0.09569343955,30,0.001551889762028051,0.0001485056691296662
247,902684,2020,NY0303000,New York,City,NY,New York,Middle Atlantic,Northeast,1A,"Cities 1,000,000 or over",03-MAY-20,,,1,,,Unknown,,1,Simple Assault,1.0,Other/Unknown,Anti-Asian,Individual,S,S,20201249,1933127,0.09569343955,30,0.001551889762028051,0.0001485056691296662
248,1339603,2020,NY0303000,New York,City,NY,New York,Middle Atlantic,Northeast,1A,"Cities 1,000,000 or over",02-SEP-20,,,1,,,Unknown,,1,Aggravated Assault,1.0,Other/Unknown,Anti-Asian,Individual,S,S,20201249,1933127,0.09569343955,30,0.001551889762028051,0.0001485056691296662
249,1339627,2020,NY0303000,New York,City,NY,New York,Middle Atlantic,Northeast,1A,"Cities 1,000,000 or over",28-DEC-20,,,1,,,White,,1,Simple Assault,1.0,Other/Unknown,Anti-Asian,Individual,S,S,20201249,1933127,0.09569343955,30,0.001551889762028051,0.0001485056691296662
250,1339711,2020,NY0303000,New York,City,NY,New York,Middle Atlantic,Northeast,1A,"Cities 1,000,000 or over",13-JUN-20,,,1,,,Unknown,,1,Simple Assault,1.0,Other/Unknown,Anti-Asian,Individual,S,S,20201249,1933127,0.09569343955,30,0.001551889762028051,0.0001485056691296662
251,1339763,2020,NY0303000,New York,City,NY,New York,Middle Atlantic,Northeast,1A,"Cities 1,000,000 or over",18-OCT-20,,,1,,,Unknown,,1,Destruction/Damage/Vandalism of Property,,Other/Unknown,Anti-Asian,Other,S,S,20201249,1933127,0.09569343955,30,0.001551889762028051,0.0001485056691296662
252,1339778,2020,NY0303000,New York,City,NY,New York,Middle Atlantic,Northeast,1A,"Cities 1,000,000 or over",30-JUL-20,,,1,,,White,,1,Simple Assault,1.0,Other/Unknown,Anti-Asian,Individual,S,S,20201249,1933127,0.09569343955,30,0.001551889762028051,0.0001485056691296662
253,1339780,2020,NY0303000,New York,City,NY,New York,Middle Atlantic,Northeast,1A,"Cities 1,000,000 or over",31-JUL-20,,,1,,,Black or African American,,1,Simple Assault,1.0,Other/Unknown,Anti-Asian,Individual,S,S,20201249,1933127,0.09569343955,30,0.001551889762028051,0.0001485056691296662
254,1339787,2020,NY0303000,New York,City,NY,New York,Middle Atlantic,Northeast,1A,"Cities 1,000,000 or over",23-JUL-20,,,1,,,Unknown,,1,Aggravated Assault,1.0,Other/Unknown,Anti-Asian,Individual,S,S,20201249,1933127,0.09569343955,30,0.001551889762028051,0.0001485056691296662
255,1339812,2020,NY0303000,New York,City,NY,New York,Middle Atlantic,Northeast,1A,"Cities 1,000,000 or over",17-DEC-20,,,1,,,Black or African American,,1,Robbery,,Other/Unknown,Anti-Asian,Other,S,S,20201249,1933127,0.09569343955,30,0.001551889762028051,0.0001485056691296662
256,895228,2020,NY0510100,Suffolk County Police Department,County,NY,New York,Middle Atlantic,Northeast,9A,"MSA counties 100,000 or over",28-APR-20,,,1,,,Unknown,,1,Simple Assault,1.0,Other/Unknown,Anti-Asian,Individual,S,S,20201249,1933127,0.09569343955,30,0.001551889762028051,0.0001485056691296662
257,1339592,2020,NY330SS00,State Police:,State Police,NY,New York,Middle Atlantic,Northeast,9D,"MSA counties under 10,000",28-FEB-20,,,1,,,Unknown,,1,Simple Assault,1.0,Other/Unknown,Anti-Asian,Individual,S,S,20201249,1933127,0.09569343955,30,0.001551889762028051,0.0001485056691296662
258,1357818,2020,OH0762400,"Jackson Township, Stark County",City,OH,Ohio,East North Central,Midwest,4,"Cities from 25,000 thru 49,999",03-NOV-20,2.0,0.0,1,1.0,0.0,White,Unknown,2,Intimidation,2.0,Bar/Nightclub,Anti-Asian,Individual,S,S,11799448,298509,0.02529855634,5,0.0016749913737944251,4.2374863637688814e-05
259,1358114,2020,OH0830400,Mason,City,OH,Ohio,East North Central,Midwest,4,"Cities from 25,000 thru 49,999",12-OCT-20,1.0,0.0,1,1.0,0.0,White,Unknown,1,Intimidation,1.0,Hotel/Motel/Etc.,Anti-Asian,Individual,S,S,11799448,298509,0.02529855634,5,0.0016749913737944251,4.2374863637688814e-05
260,1358552,2020,OHCLP0000,Cleveland,City,OH,Ohio,East North Central,Midwest,1C,"Cities from 250,000 thru 499,999",15-JUL-20,1.0,0.0,0,,,Unknown,Unknown,1,Destruction/Damage/Vandalism of Property,1.0,Highway/Road/Alley/Street/Sidewalk,Anti-Asian,Individual,S,S,11799448,298509,0.02529855634,5,0.0016749913737944251,4.2374863637688814e-05
261,1358615,2020,OHCLP0000,Cleveland,City,OH,Ohio,East North Central,Midwest,1C,"Cities from 250,000 thru 499,999",26-JUN-20,1.0,0.0,1,1.0,0.0,Black or African American,Unknown,1,Intimidation,1.0,Restaurant,Anti-Asian,Individual,S,S,11799448,298509,0.02529855634,5,0.0016749913737944251,4.2374863637688814e-05
262,1358527,2020,OHCOP0000,Columbus,City,OH,Ohio,East North Central,Midwest,1B,"Cities from 500,000 thru 999,999",04-MAY-20,1.0,0.0,1,1.0,0.0,White,Unknown,1,Intimidation,1.0,Service/Gas Station,Anti-Asian,Individual,S,S,11799448,298509,0.02529855634,5,0.0016749913737944251,4.2374863637688814e-05
263,1289330,2020,OR002SP00,State Police:,State Police,OR,Oregon,Pacific,West,9D,"MSA counties under 10,000",04-JUN-20,1.0,0.0,1,1.0,0.0,White,Unknown,1,Intimidation,1.0,School-College/University,Anti-Asian,Individual,S,S,4237256,194538,0.04591131619,3,0.0015421151651605343,7.080053695127224e-05
264,1266525,2020,OR0260200,Portland,City,OR,Oregon,Pacific,West,1B,"Cities from 500,000 thru 999,999",03-JAN-20,1.0,0.0,0,,,Unknown,Unknown,2,Destruction/Damage/Vandalism of Property,1.0,Convenience Store,Anti-Asian,Business;Individual,M,S,4237256,194538,0.04591131619,3,0.0015421151651605343,7.080053695127224e-05
265,1187058,2020,OR0270100,Dallas,City,OR,Oregon,Pacific,West,5,"Cities from 10,000 thru 24,999",14-MAR-20,1.0,0.0,1,1.0,0.0,White,Unknown,1,Destruction/Damage/Vandalism of Property,1.0,Residence/Home,Anti-Asian,Individual,S,S,4237256,194538,0.04591131619,3,0.0015421151651605343,7.080053695127224e-05
266,1333783,2020,PA0141100,Pennsylvania State University:,University or College,PA,Pennsylvania,Middle Atlantic,Northeast,7,"Cities under 2,500",26-AUG-20,1.0,,0,0.0,0.0,Unknown,Unknown,2,Destruction/Damage/Vandalism of Property,1.0,Residence/Home,Anti-Asian,Business;Individual,M,S,13002700,510501,0.03926115345,8,0.0015670880174573603,6.152568312735048e-05
267,1333713,2020,PAPEP0000,Philadelphia,City,PA,Pennsylvania,Middle Atlantic,Northeast,1A,"Cities 1,000,000 or over",11-APR-20,1.0,,2,0.0,2.0,Black or African American,Not Hispanic or Latino,1,Motor Vehicle Theft,1.0,Highway/Road/Alley/Street/Sidewalk,Anti-Asian,Individual,S,S,13002700,510501,0.03926115345,8,0.0015670880174573603,6.152568312735048e-05
268,1333715,2020,PAPEP0000,Philadelphia,City,PA,Pennsylvania,Middle Atlantic,Northeast,1A,"Cities 1,000,000 or over",17-JUN-20,1.0,,0,0.0,0.0,Unknown,Unknown,1,Intimidation,1.0,Highway/Road/Alley/Street/Sidewalk,Anti-Asian,Individual,S,S,13002700,510501,0.03926115345,8,0.0015670880174573603,6.152568312735048e-05
269,1333717,2020,PAPEP0000,Philadelphia,City,PA,Pennsylvania,Middle Atlantic,Northeast,1A,"Cities 1,000,000 or over",15-APR-20,1.0,,3,0.0,3.0,Black or African American,Not Hispanic or Latino,1,Intimidation,1.0,Highway/Road/Alley/Street/Sidewalk,Anti-Asian,Individual,S,S,13002700,510501,0.03926115345,8,0.0015670880174573603,6.152568312735048e-05
270,1333793,2020,PAPEP0000,Philadelphia,City,PA,Pennsylvania,Middle Atlantic,Northeast,1A,"Cities 1,000,000 or over",28-JUL-20,1.0,,1,1.0,0.0,Black or African American,Not Hispanic or Latino,1,Simple Assault,1.0,Highway/Road/Alley/Street/Sidewalk,Anti-Asian,Individual,S,S,13002700,510501,0.03926115345,8,0.0015670880174573603,6.152568312735048e-05
271,1333794,2020,PAPEP0000,Philadelphia,City,PA,Pennsylvania,Middle Atlantic,Northeast,1A,"Cities 1,000,000 or over",07-JUL-20,1.0,,0,0.0,0.0,Unknown,Unknown,1,Intimidation,1.0,Residence/Home,Anti-Asian,Individual,S,S,13002700,510501,0.03926115345,8,0.0015670880174573603,6.152568312735048e-05
272,1333810,2020,PAPEP0000,Philadelphia,City,PA,Pennsylvania,Middle Atlantic,Northeast,1A,"Cities 1,000,000 or over",09-MAR-20,1.0,,2,0.0,2.0,Black or African American,Not Hispanic or Latino,1,Simple Assault,1.0,Highway/Road/Alley/Street/Sidewalk,Anti-Asian,Individual,S,S,13002700,510501,0.03926115345,8,0.0015670880174573603,6.152568312735048e-05
273,1333799,2020,PAPPD0000,Pittsburgh,City,PA,Pennsylvania,Middle Atlantic,Northeast,1C,"Cities from 250,000 thru 499,999",01-SEP-20,1.0,,1,1.0,0.0,Black or African American,Not Hispanic or Latino,1,Intimidation,1.0,Highway/Road/Alley/Street/Sidewalk,Anti-Asian,Individual,S,S,13002700,510501,0.03926115345,8,0.0015670880174573603,6.152568312735048e-05
274,1352462,2020,TN0060100,Cleveland,City,TN,Tennessee,East South Central,South,4,"Cities from 25,000 thru 49,999",09-JAN-20,1.0,0.0,1,1.0,0.0,White,Not Hispanic or Latino,1,Intimidation,1.0,Industrial Site,Anti-Asian,Individual,S,S,6910840,135615,0.01962351899,3,0.002212144674261697,4.341006303141152e-05
275,1352476,2020,TN0060100,Cleveland,City,TN,Tennessee,East South Central,South,4,"Cities from 25,000 thru 49,999",16-APR-20,1.0,0.0,1,1.0,0.0,White,Not Hispanic or Latino,1,Robbery,1.0,Convenience Store,Anti-Asian,Individual,S,S,6910840,135615,0.01962351899,3,0.002212144674261697,4.341006303141152e-05
276,1244760,2020,TN0110100,Ashland City,City,TN,Tennessee,East South Central,South,6,"Cities from 2,500 thru 9,999",23-APR-20,0.0,0.0,1,1.0,0.0,White,Not Hispanic or Latino,1,Counterfeiting/Forgery,0.0,Bank/Savings and Loan,Anti-Asian,Business,S,S,6910840,135615,0.01962351899,3,0.002212144674261697,4.341006303141152e-05
277,1225563,2020,TX0570400,Carrollton,City,TX,Texas,West South Central,South,2,"Cities from 100,000 thru 249,999",02-APR-20,1.0,0.0,1,1.0,0.0,Black or African American,Not Hispanic or Latino,1,Aggravated Assault,1.0,Park/Playground,Anti-Asian,Individual,S,S,29145505,1585480,0.05439878293,12,0.0007568685823851452,4.11727297228166e-05
278,1125801,2020,TX1550400,Hewitt,City,TX,Texas,West South Central,South,5,"Cities from 10,000 thru 24,999",18-FEB-20,1.0,0.0,0,,,Unknown,Unknown,1,Intimidation,1.0,Residence/Home,Anti-Asian,Individual,S,S,29145505,1585480,0.05439878293,12,0.0007568685823851452,4.11727297228166e-05
279,859179,2020,TX1650100,Midland,City,TX,Texas,West South Central,South,2,"Cities from 100,000 thru 249,999",14-MAR-20,2.0,2.0,1,1.0,0.0,White,Hispanic or Latino,4,Aggravated Assault,4.0,Grocery/Supermarket,Anti-Asian,Individual,S,S,29145505,1585480,0.05439878293,12,0.0007568685823851452,4.11727297228166e-05
280,1307331,2020,TX1810200,Orange,City,TX,Texas,West South Central,South,5,"Cities from 10,000 thru 24,999",22-SEP-20,1.0,0.0,1,1.0,0.0,White,Not Hispanic or Latino,1,Burglary/Breaking & Entering,1.0,Residence/Home,Anti-Asian,Individual,S,S,29145505,1585480,0.05439878293,12,0.0007568685823851452,4.11727297228166e-05
281,1340626,2020,TX2200100,Arlington,City,TX,Texas,West South Central,South,1C,"Cities from 250,000 thru 499,999",14-OCT-20,1.0,0.0,1,1.0,0.0,White,Not Hispanic or Latino,1,Simple Assault,1.0,School-Elementary/Secondary,Anti-Asian,Individual,S,S,29145505,1585480,0.05439878293,12,0.0007568685823851452,4.11727297228166e-05
282,1305796,2020,TX2201600,Hurst,City,TX,Texas,West South Central,South,4,"Cities from 25,000 thru 49,999",07-SEP-20,2.0,0.0,1,1.0,0.0,White,Not Hispanic or Latino,2,Aggravated Assault,2.0,Residence/Home,Anti-Asian,Individual,S,S,29145505,1585480,0.05439878293,12,0.0007568685823851452,4.11727297228166e-05
283,1341742,2020,TX2203300,University of Texas:,University or College,TX,Texas,West South Central,South,7,"Cities under 2,500",19-OCT-20,1.0,0.0,1,1.0,0.0,White,Not Hispanic or Latino,1,Intimidation,1.0,School-College/University,Anti-Asian,Individual,S,S,29145505,1585480,0.05439878293,12,0.0007568685823851452,4.11727297228166e-05
284,1341814,2020,TX2270000,Travis,County,TX,Texas,West South Central,South,9A,"MSA counties 100,000 or over",22-JUN-20,1.0,0.0,1,1.0,0.0,White,Unknown,1,Intimidation,1.0,Residence/Home,Anti-Asian,Individual,S,S,29145505,1585480,0.05439878293,12,0.0007568685823851452,4.11727297228166e-05
285,1311999,2020,TXDPD0000,Dallas,City,TX,Texas,West South Central,South,1A,"Cities 1,000,000 or over",15-MAY-20,1.0,0.0,1,1.0,0.0,White,Unknown,1,Simple Assault,1.0,Highway/Road/Alley/Street/Sidewalk,Anti-Asian,Individual,S,S,29145505,1585480,0.05439878293,12,0.0007568685823851452,4.11727297228166e-05
286,1311338,2020,TXHPD0000,Houston,City,TX,Texas,West South Central,South,1A,"Cities 1,000,000 or over",03-JUN-20,1.0,0.0,1,1.0,0.0,Black or African American,Not Hispanic or Latino,1,Intimidation,1.0,Convenience Store,Anti-Asian,Individual,S,S,29145505,1585480,0.05439878293,12,0.0007568685823851452,4.11727297228166e-05
287,1311408,2020,TXHPD0000,Houston,City,TX,Texas,West South Central,South,1A,"Cities 1,000,000 or over",15-SEP-20,1.0,0.0,1,1.0,0.0,White,Unknown,1,Simple Assault,1.0,Bar/Nightclub,Anti-Asian,Individual,S,S,29145505,1585480,0.05439878293,12,0.0007568685823851452,4.11727297228166e-05
288,1312155,2020,UT0060300,Layton,City,UT,Utah,Mountain,West,3,"Cities from 50,000 thru 99,999",12-NOV-20,1.0,0.0,0,,,Unknown,Unknown,1,Theft From Motor Vehicle,1.0,Highway/Road/Alley/Street/Sidewalk,Anti-Asian,Individual,S,S,3271616,80438,0.0245866263,1,0.001243193515502623,3.0565934388387874e-05
289,1351886,2020,VA0290100,Fairfax County Police Department,County,VA,Virginia,South Atlantic,South,9A,"MSA counties 100,000 or over",29-APR-20,2.0,0.0,2,2.0,0.0,Multiple,Unknown,2,Simple Assault,2.0,Highway/Road/Alley/Street/Sidewalk,Anti-Asian,Individual,S,S,8631393,615436,0.07130204823,5,0.0008124321619144802,5.7928077194492245e-05
290,1351968,2020,VA0290100,Fairfax County Police Department,County,VA,Virginia,South Atlantic,South,9A,"MSA counties 100,000 or over",01-FEB-20,1.0,0.0,0,,,Unknown,Unknown,1,Intimidation,1.0,Shopping Mall,Anti-Asian,Individual,S,S,8631393,615436,0.07130204823,5,0.0008124321619144802,5.7928077194492245e-05
291,1348114,2020,VA0530100,Leesburg,City,VA,Virginia,South Atlantic,South,3,"Cities from 50,000 thru 99,999",01-AUG-20,1.0,0.0,1,1.0,0.0,Asian,Not Hispanic or Latino,1,Intimidation,1.0,Residence/Home,Anti-Asian,Individual,S,S,8631393,615436,0.07130204823,5,0.0008124321619144802,5.7928077194492245e-05
292,1347690,2020,VA1030000,Chesapeake,City,VA,Virginia,South Atlantic,South,2,"Cities from 100,000 thru 249,999",01-APR-20,1.0,0.0,0,,,Unknown,Unknown,1,Destruction/Damage/Vandalism of Property,1.0,Parking/Drop Lot/Garage,Anti-Asian,Individual,S,S,8631393,615436,0.07130204823,5,0.0008124321619144802,5.7928077194492245e-05
293,999890,2020,VA1300400,University of Richmond,University or College,VA,Virginia,South Atlantic,South,7,"Cities under 2,500",25-JAN-20,1.0,0.0,1,1.0,0.0,White,Not Hispanic or Latino,1,Simple Assault,1.0,School-College/University,Anti-Asian,Individual,S,S,8631393,615436,0.07130204823,5,0.0008124321619144802,5.7928077194492245e-05
294,1198973,2020,VT0110200,Rutland,City,VT,Vermont,New England,Northeast,5,"Cities from 10,000 thru 24,999",28-JAN-20,1.0,0.0,1,1.0,0.0,White,Unknown,1,Simple Assault,1.0,Drug Store/Doctor's Office/Hospital,Anti-Asian,Individual,S,S,643077,11549,0.01795896914,1,0.008658758334054896,0.0001555023737437352
295,1335764,2020,WA0060300,Vancouver,City,WA,Washington,Pacific,West,2,"Cities from 100,000 thru 249,999",19-DEC-20,1.0,0.0,0,,,Unknown,Unknown,1,Simple Assault,1.0,Convenience Store,Anti-Asian,Individual,S,S,7705281,730596,0.09481756733,26,0.0035587383451319197,0.0003374309126429004
296,1335774,2020,WA0060300,Vancouver,City,WA,Washington,Pacific,West,2,"Cities from 100,000 thru 249,999",16-NOV-20,1.0,0.0,0,,,Unknown,Unknown,1,Intimidation,1.0,Residence/Home,Anti-Asian,Individual,S,S,7705281,730596,0.09481756733,26,0.0035587383451319197,0.0003374309126429004
297,1334815,2020,WA0130300,Quincy,City,WA,Washington,Pacific,West,6,"Cities from 2,500 thru 9,999",04-FEB-20,0.0,0.0,0,,,Unknown,Unknown,1,Weapon Law Violations,0.0,Parking/Drop Lot/Garage,Anti-Asian,Society/Public,S,S,7705281,730596,0.09481756733,26,0.0035587383451319197,0.0003374309126429004
298,1335394,2020,WA0170200,Bellevue,City,WA,Washington,Pacific,West,2,"Cities from 100,000 thru 249,999",18-MAR-20,1.0,0.0,1,1.0,0.0,Unknown,Not Hispanic or Latino,1,Intimidation,1.0,Restaurant,Anti-Asian,Individual,S,S,7705281,730596,0.09481756733,26,0.0035587383451319197,0.0003374309126429004
299,1334599,2020,WA0170700,Kent,City,WA,Washington,Pacific,West,2,"Cities from 100,000 thru 249,999",22-MAY-20,1.0,0.0,1,0.0,1.0,Black or African American,Not Hispanic or Latino,1,Intimidation,1.0,Department/Discount Store,Anti-Asian,Individual,S,S,7705281,730596,0.09481756733,26,0.0035587383451319197,0.0003374309126429004
300,1335892,2020,WA0171300,Renton,City,WA,Washington,Pacific,West,2,"Cities from 100,000 thru 249,999",22-OCT-20,1.0,0.0,1,0.0,1.0,Black or African American,Unknown,1,Aggravated Assault,1.0,Drug Store/Doctor's Office/Hospital,Anti-Asian,Individual,S,S,7705281,730596,0.09481756733,26,0.0035587383451319197,0.0003374309126429004
301,1334730,2020,WA0174300,Shoreline,City,WA,Washington,Pacific,West,3,"Cities from 50,000 thru 99,999",07-AUG-20,2.0,0.0,0,,,Unknown,Unknown,2,Intimidation,2.0,Residence/Home,Anti-Asian,Individual,S,S,7705281,730596,0.09481756733,26,0.0035587383451319197,0.0003374309126429004
302,1334167,2020,WA0175000,Sammamish,City,WA,Washington,Pacific,West,3,"Cities from 50,000 thru 99,999",29-MAY-20,1.0,0.0,0,,,Unknown,Unknown,1,Destruction/Damage/Vandalism of Property,1.0,Residence/Home,Anti-Asian,Individual,S,S,7705281,730596,0.09481756733,26,0.0035587383451319197,0.0003374309126429004
303,1335827,2020,WA0310000,Snohomish,County,WA,Washington,Pacific,West,9A,"MSA counties 100,000 or over",04-OCT-20,1.0,0.0,1,1.0,0.0,White,Unknown,1,Intimidation,1.0,Air/Bus/Train Terminal,Anti-Asian,Individual,S,S,7705281,730596,0.09481756733,26,0.0035587383451319197,0.0003374309126429004
304,1334361,2020,WA0390500,Yakima,City,WA,Washington,Pacific,West,3,"Cities from 50,000 thru 99,999",28-MAR-20,1.0,0.0,1,1.0,0.0,White,Hispanic or Latino,2,Destruction/Damage/Vandalism of Property,1.0,Restaurant,Anti-Asian,Business;Individual,M,S,7705281,730596,0.09481756733,26,0.0035587383451319197,0.0003374309126429004
305,1337411,2020,WASPD0000,Seattle,City,WA,Washington,Pacific,West,1B,"Cities from 500,000 thru 999,999",21-SEP-20,1.0,0.0,1,1.0,0.0,Black or African American,Unknown,1,Intimidation,1.0,Highway/Road/Alley/Street/Sidewalk,Anti-Asian,Individual,S,S,7705281,730596,0.09481756733,26,0.0035587383451319197,0.0003374309126429004
306,1337428,2020,WASPD0000,Seattle,City,WA,Washington,Pacific,West,1B,"Cities from 500,000 thru 999,999",25-MAY-20,2.0,0.0,1,1.0,0.0,White,Unknown,2,Intimidation,2.0,Highway/Road/Alley/Street/Sidewalk,Anti-Asian,Individual,S,S,7705281,730596,0.09481756733,26,0.0035587383451319197,0.0003374309126429004
307,1337447,2020,WASPD0000,Seattle,City,WA,Washington,Pacific,West,1B,"Cities from 500,000 thru 999,999",16-MAY-20,1.0,0.0,0,,,Unknown,Unknown,1,Simple Assault,1.0,Highway/Road/Alley/Street/Sidewalk,Anti-Asian,Individual,S,S,7705281,730596,0.09481756733,26,0.0035587383451319197,0.0003374309126429004
308,1337481,2020,WASPD0000,Seattle,City,WA,Washington,Pacific,West,1B,"Cities from 500,000 thru 999,999",23-MAY-20,1.0,0.0,0,,,Unknown,Unknown,1,Simple Assault,1.0,Highway/Road/Alley/Street/Sidewalk,Anti-Asian,Individual,S,S,7705281,730596,0.09481756733,26,0.0035587383451319197,0.0003374309126429004
309,1337557,2020,WASPD0000,Seattle,City,WA,Washington,Pacific,West,1B,"Cities from 500,000 thru 999,999",24-MAY-20,1.0,0.0,1,1.0,0.0,Black or African American,Unknown,1,Intimidation,1.0,Restaurant,Anti-Asian,Individual,S,S,7705281,730596,0.09481756733,26,0.0035587383451319197,0.0003374309126429004
310,1337568,2020,WASPD0000,Seattle,City,WA,Washington,Pacific,West,1B,"Cities from 500,000 thru 999,999",23-MAY-20,1.0,0.0,0,,,Unknown,Unknown,1,Intimidation,1.0,Residence/Home,Anti-Asian,Individual,S,S,7705281,730596,0.09481756733,26,0.0035587383451319197,0.0003374309126429004
311,1337576,2020,WASPD0000,Seattle,City,WA,Washington,Pacific,West,1B,"Cities from 500,000 thru 999,999",20-OCT-20,1.0,0.0,1,1.0,0.0,Black or African American,Not Hispanic or Latino,1,Simple Assault,1.0,Community Center,Anti-Asian,Individual,S,S,7705281,730596,0.09481756733,26,0.0035587383451319197,0.0003374309126429004
312,1337603,2020,WASPD0000,Seattle,City,WA,Washington,Pacific,West,1B,"Cities from 500,000 thru 999,999",16-MAY-20,1.0,0.0,1,1.0,0.0,White,Unknown,1,Simple Assault,1.0,Highway/Road/Alley/Street/Sidewalk,Anti-Asian,Individual,S,S,7705281,730596,0.09481756733,26,0.0035587383451319197,0.0003374309126429004
313,1337625,2020,WASPD0000,Seattle,City,WA,Washington,Pacific,West,1B,"Cities from 500,000 thru 999,999",17-JUN-20,0.0,0.0,0,,,Unknown,Unknown,1,Destruction/Damage/Vandalism of Property,0.0,Convenience Store,Anti-Asian,Business,S,S,7705281,730596,0.09481756733,26,0.0035587383451319197,0.0003374309126429004
314,1337677,2020,WASPD0000,Seattle,City,WA,Washington,Pacific,West,1B,"Cities from 500,000 thru 999,999",01-MAY-20,1.0,0.0,1,1.0,0.0,White,Unknown,1,Simple Assault,1.0,Highway/Road/Alley/Street/Sidewalk,Anti-Asian,Individual,S,S,7705281,730596,0.09481756733,26,0.0035587383451319197,0.0003374309126429004
315,1337690,2020,WASPD0000,Seattle,City,WA,Washington,Pacific,West,1B,"Cities from 500,000 thru 999,999",01-APR-20,1.0,0.0,1,1.0,0.0,Black or African American,Not Hispanic or Latino,1,Intimidation,1.0,Highway/Road/Alley/Street/Sidewalk,Anti-Asian,Individual,S,S,7705281,730596,0.09481756733,26,0.0035587383451319197,0.0003374309126429004
316,1337701,2020,WASPD0000,Seattle,City,WA,Washington,Pacific,West,1B,"Cities from 500,000 thru 999,999",23-MAY-20,1.0,0.0,0,,,Unknown,Unknown,1,Intimidation,1.0,Restaurant,Anti-Asian,Individual,S,S,7705281,730596,0.09481756733,26,0.0035587383451319197,0.0003374309126429004
317,1337702,2020,WASPD0000,Seattle,City,WA,Washington,Pacific,West,1B,"Cities from 500,000 thru 999,999",17-APR-20,1.0,0.0,0,,,Unknown,Unknown,1,Aggravated Assault,1.0,Highway/Road/Alley/Street/Sidewalk,Anti-Asian,Individual,S,S,7705281,730596,0.09481756733,26,0.0035587383451319197,0.0003374309126429004
318,1337705,2020,WASPD0000,Seattle,City,WA,Washington,Pacific,West,1B,"Cities from 500,000 thru 999,999",13-NOV-20,1.0,0.0,0,,,Unknown,Unknown,1,Intimidation,1.0,Residence/Home,Anti-Asian,Individual,S,S,7705281,730596,0.09481756733,26,0.0035587383451319197,0.0003374309126429004
319,1337899,2020,WASPD0000,Seattle,City,WA,Washington,Pacific,West,1B,"Cities from 500,000 thru 999,999",14-SEP-20,1.0,0.0,0,,,Unknown,Unknown,1,Intimidation,1.0,Residence/Home,Anti-Asian,Individual,S,S,7705281,730596,0.09481756733,26,0.0035587383451319197,0.0003374309126429004
320,1331508,2020,WI0130100,Madison,City,WI,Wisconsin,East North Central,Midwest,1C,"Cities from 250,000 thru 499,999",27-JAN-20,2.0,0.0,1,1.0,0.0,White,Unknown,2,Simple Assault,2.0,Residence/Home,Anti-Asian,Individual,S,S,5893718,175702,0.02981174193,3,0.0017074364549066034,5.0901654948540124e-05
321,1331485,2020,WI0130800,University of Wisconsin:,University or College,WI,Wisconsin,East North Central,Midwest,7,"Cities under 2,500",25-MAR-20,0.0,0.0,0,,,Unknown,Unknown,1,Destruction/Damage/Vandalism of Property,0.0,School-College/University,Anti-Asian,Business,S,S,5893718,175702,0.02981174193,3,0.0017074364549066034,5.0901654948540124e-05
322,1268171,2020,WI0221400,University of Wisconsin:,University or College,WI,Wisconsin,East North Central,Midwest,7,"Cities under 2,500",24-SEP-20,1.0,0.0,0,,,Unknown,Unknown,1,Hacking/Computer Invasion,1.0,Cyberspace,Anti-Asian,Individual,S,S,5893718,175702,0.02981174193,3,0.0017074364549066034,5.0901654948540124e-05
